hour,alpha
0,0.035802288640003795
1,0.02524325171435497
2,0.017986238397051577
3,0.013525518714346301
4,0.012457674172595672
5,0.016055385692154107
6,0.02577007868511398
7,0.03796980644131778
8,0.0468358629832062
9,0.0454939736757023
10,0.043829217631135065
11,0.04418357795867509
12,0.04587901180847811
13,0.04785294187565193
14,0.05172851266353945
15,0.05360508525865195
16,0.054469009637329924
17,0.05843607398797705
18,0.061211514807454646
19,0.05980159202630347
20,0.054494486624221385
21,0.051402616113321135
22,0.05048993215783231
23,0.04547634833358181
