update,kind,reward,rate,terminal_time_min,steps,episodes,step_avg_reward,step_avg_rate,combo_id,LAMBDA,R_PICK_ALPHA,GAMMA_PACK,RIDE_TTL_MIN,MAX_VISIBLE_RIDES,SWITCH_GRACE_STEPS,RT
1,train,115.48197937011719,0.3543332686984785,313.34615384615387,626.6923076923077,13,0.18374821543693542,0.36749643087387085,1,2,0.1,0.33,5,5,6,5.5
2,train,87.98897654215494,0.32059307625672134,266.2,532.4,15,0.1640423983335495,0.328084796667099,1,2,0.1,0.33,5,5,6,5.5
3,train,98.87215,0.35810205,272.57142857142856,545.1428571428571,14,0.18465083837509155,0.3693016767501831,1,2,0.1,0.33,5,5,6,5.5
4,train,108.09168712909405,0.34696825802344233,300.8076923076923,601.6153846153846,13,0.1878211498260498,0.3756422996520996,1,2,0.1,0.33,5,5,6,5.5
5,train,109.4656248826247,0.33850549265286567,303.8076923076923,607.6153846153846,13,0.18404829502105713,0.36809659004211426,1,2,0.1,0.33,5,5,6,5.5
5,eval,911.52275390625,2.673131561279297,340.9,nan,1,nan,nan,1,2,0.1,0.33,5,5,6,5.5,eval
6,train,87.05466270446777,0.30722928895856777,278.2857142857143,556.5714285714286,14,0.15653705596923828,0.31307411193847656,1,2,0.1,0.33,5,5,6,5.5
7,train,111.65385468800862,0.33568622558899824,319.4583333333333,638.9166666666666,12,0.17806680500507355,0.3561336100101471,1,2,0.1,0.33,5,5,6,5.5
8,train,108.00879903940054,0.3485875844534068,303.2692307692308,606.5384615384615,13,0.17683498561382294,0.3536699712276459,1,2,0.1,0.33,5,5,6,5.5
9,train,125.23563678448016,0.36969132729176474,314.61538461538464,629.2307692307693,13,0.19898203015327454,0.3979640603065491,1,2,0.1,0.33,5,5,6,5.5
10,train,92.6395514351981,0.31713935354273237,281.07142857142856,562.1428571428571,14,0.16279390454292297,0.32558780908584595,1,2,0.1,0.33,5,5,6,5.5
10,eval,911.52275390625,2.673131561279297,340.9,nan,1,nan,nan,1,2,0.1,0.33,5,5,6,5.5,eval
11,train,101.73897,0.3344823,300.3076923076923,600.6153846153846,13,0.16836881637573242,0.33673763275146484,1,2,0.1,0.33,5,5,6,5.5
12,train,103.50062737098106,0.3387482016072099,291.0769230769231,582.1538461538462,13,0.18264666199684143,0.36529332399368286,1,2,0.1,0.33,5,5,6,5.5
13,train,114.69117482503255,0.33589445854912653,326.2083333333333,652.4166666666666,12,0.18035686016082764,0.3607137203216553,1,2,0.1,0.33,5,5,6,5.5
14,train,104.83844287578876,0.3273371340803799,305.0769230769231,610.1538461538462,13,0.16980059444904327,0.33960118889808655,1,2,0.1,0.33,5,5,6,5.5
15,train,121.4452559153239,0.3596140359946491,321.4166666666667,642.8333333333334,12,0.19111844897270203,0.38223689794540405,1,2,0.1,0.33,5,5,6,5.5
15,eval,911.52275390625,2.673131561279297,340.9,nan,1,nan,nan,1,2,0.1,0.33,5,5,6,5.5,eval
16,train,103.89344435471754,0.3145233564717496,307.88461538461536,615.7692307692307,13,0.16779950261116028,0.33559900522232056,1,2,0.1,0.33,5,5,6,5.5
17,train,100.48822729928153,0.34829794920315377,280.32142857142856,560.6428571428571,14,0.1780756711959839,0.3561513423919678,1,2,0.1,0.33,5,5,6,5.5
18,train,97.11189760480609,0.32839179769854215,286.4642857142857,572.9285714285714,14,0.17181679606437683,0.34363359212875366,1,2,0.1,0.33,5,5,6,5.5
19,train,137.67256,0.38506165,335.5,671.0,12,0.2065889835357666,0.4131779670715332,1,2,0.1,0.33,5,5,6,5.5
20,train,127.05962,0.36333716,336.4166666666667,672.8333333333334,12,0.19113489985466003,0.38226979970932007,1,2,0.1,0.33,5,5,6,5.5
20,eval,911.52275390625,2.673131561279297,340.9,nan,1,nan,nan,1,2,0.1,0.33,5,5,6,5.5,eval
21,train,143.95093,0.38401058,362.54545454545456,725.0909090909091,11,0.19815242290496826,0.3963048458099365,1,2,0.1,0.33,5,5,6,5.5
22,train,93.27781178401067,0.2866151000300725,305.96153846153845,611.9230769230769,13,0.15977029502391815,0.3195405900478363,1,2,0.1,0.33,5,5,6,5.5
23,train,93.5748050396259,0.3166226534121383,284.38461538461536,568.7692307692307,13,0.16612526774406433,0.33225053548812866,1,2,0.1,0.33,5,5,6,5.5
24,train,125.39740594228108,0.36289063716928166,326.625,653.25,12,0.18849222362041473,0.37698444724082947,1,2,0.1,0.33,5,5,6,5.5
25,train,143.22098194469106,0.39217615655164395,355.09090909090907,710.1818181818181,11,0.20329605042934418,0.40659210085868835,1,2,0.1,0.33,5,5,6,5.5
25,eval,911.52275390625,2.673131561279297,340.9,nan,1,nan,nan,1,2,0.1,0.33,5,5,6,5.5,eval
26,train,92.736435,0.31576034,287.17857142857144,574.3571428571429,14,0.16256961226463318,0.32513922452926636,1,2,0.1,0.33,5,5,6,5.5
27,train,99.02777208600726,0.3368667007113992,286.32142857142856,572.6428571428571,14,0.1711679995059967,0.3423359990119934,1,2,0.1,0.33,5,5,6,5.5
28,train,108.33489285982571,0.35148166198327174,297.38461538461536,594.7692307692307,13,0.18255409598350525,0.3651081919670105,1,2,0.1,0.33,5,5,6,5.5
29,train,98.57709532517653,0.321927435071083,294.15384615384613,588.3076923076923,13,0.17133906483650208,0.34267812967300415,1,2,0.1,0.33,5,5,6,5.5
30,train,107.7878051170936,0.32832049670009555,310.8076923076923,621.6153846153846,13,0.1744288057088852,0.3488576114177704,1,2,0.1,0.33,5,5,6,5.5
30,eval,911.52275390625,2.673131561279297,340.9,nan,1,nan,nan,1,2,0.1,0.33,5,5,6,5.5,eval
31,train,123.65583,0.36154684,327.8333333333333,655.6666666666666,12,0.18900997936725616,0.37801995873451233,1,2,0.1,0.33,5,5,6,5.5
32,train,104.71969849722726,0.3412366560530544,284.39285714285717,568.7857142857143,14,0.18189378082752228,0.36378756165504456,1,2,0.1,0.33,5,5,6,5.5
33,train,95.40194,0.33885103,269.93333333333334,539.8666666666667,15,0.17924544215202332,0.35849088430404663,1,2,0.1,0.33,5,5,6,5.5
34,train,95.70908915201822,0.3407585000061358,267.6333333333333,535.2666666666667,15,0.179413840174675,0.35882768034935,1,2,0.1,0.33,5,5,6,5.5
35,train,93.70874,0.3326683,276.32142857142856,552.6428571428571,14,0.16540277004241943,0.33080554008483887,1,2,0.1,0.33,5,5,6,5.5
35,eval,911.52275390625,2.673131561279297,340.9,nan,1,nan,nan,1,2,0.1,0.33,5,5,6,5.5,eval
36,train,104.48620693500226,0.3290696966256199,294.11538461538464,588.2307692307693,13,0.18115848302841187,0.36231696605682373,1,2,0.1,0.33,5,5,6,5.5
37,train,91.18298966544015,0.30698802592046265,283.85714285714283,567.7142857142857,14,0.1623096764087677,0.3246193528175354,1,2,0.1,0.33,5,5,6,5.5
38,train,94.05038935343424,0.33660440328595487,269.5,539.0,15,0.1736762672662735,0.347352534532547,1,2,0.1,0.33,5,5,6,5.5
39,train,107.59907,0.336592,310.0,620.0,13,0.17221517860889435,0.3444303572177887,1,2,0.1,0.33,5,5,6,5.5
40,train,117.55092474130484,0.3544686611180269,313.15384615384613,626.3076923076923,13,0.1870315968990326,0.3740631937980652,1,2,0.1,0.33,5,5,6,5.5
40,eval,911.52275390625,2.673131561279297,340.9,nan,1,nan,nan,1,2,0.1,0.33,5,5,6,5.5,eval
41,train,86.97384236653646,0.30870282043794234,267.76666666666665,535.5333333333333,15,0.16145113110542297,0.32290226221084595,1,2,0.1,0.33,5,5,6,5.5
42,train,97.93779373168945,0.33119242572165153,283.67857142857144,567.3571428571429,14,0.17531932890415192,0.35063865780830383,1,2,0.1,0.33,5,5,6,5.5
43,train,119.90937741597493,0.36164471099906437,319.1666666666667,638.3333333333334,12,0.18077534437179565,0.3615506887435913,1,2,0.1,0.33,5,5,6,5.5
44,train,106.5468412546011,0.3313973840077718,313.61538461538464,627.2307692307693,13,0.17071186006069183,0.34142372012138367,1,2,0.1,0.33,5,5,6,5.5
45,train,93.11854525974819,0.3064505330292104,290.5,581.0,14,0.16011470556259155,0.3202294111251831,1,2,0.1,0.33,5,5,6,5.5
45,eval,911.52275390625,2.673131561279297,340.9,nan,1,nan,nan,1,2,0.1,0.33,5,5,6,5.5,eval
46,train,91.19802,0.34245154,265.0,530.0,15,0.17343813180923462,0.34687626361846924,1,2,0.1,0.33,5,5,6,5.5
47,train,101.37262226985051,0.3188400424860574,298.3076923076923,596.6153846153846,13,0.16688624024391174,0.3337724804878235,1,2,0.1,0.33,5,5,6,5.5
48,train,115.331154,0.3935814,290.0,580.0,14,0.19831988215446472,0.39663976430892944,1,2,0.1,0.33,5,5,6,5.5
49,train,86.63016074044364,0.30227437783111594,280.64285714285717,561.2857142857143,14,0.15363621711730957,0.30727243423461914,1,2,0.1,0.33,5,5,6,5.5
50,train,109.63255192683293,0.34765114104731837,306.8076923076923,613.6153846153846,13,0.1807604879140854,0.3615209758281708,1,2,0.1,0.33,5,5,6,5.5
50,eval,911.52275390625,2.673131561279297,340.9,nan,1,nan,nan,1,2,0.1,0.33,5,5,6,5.5,eval
1,train,99.13626797993977,0.3063362002742836,315.5833333333333,631.1666666666666,12,0.16064468026161194,0.3212893605232239,2,2,0.1,0.5,5,5,6,5.5
2,train,185.97313,0.42393842,432.44444444444446,864.8888888888889,9,0.21629485487937927,0.43258970975875854,2,2,0.1,0.5,5,5,6,5.5
3,train,131.1352,0.3536521,357.6363636363636,715.2727272727273,11,0.18914315104484558,0.37828630208969116,2,2,0.1,0.5,5,5,6,5.5
4,train,158.96527,0.38017213,403.55555555555554,807.1111111111111,9,0.20732921361923218,0.41465842723846436,2,2,0.1,0.5,5,5,6,5.5
5,train,136.86472,0.3522447,380.05,760.1,10,0.18419411778450012,0.36838823556900024,2,2,0.1,0.5,5,5,6,5.5
5,eval,1118.1920043945313,2.956784828834465,366.8,nan,1,nan,nan,2,2,0.1,0.5,5,5,6,5.5,eval
6,train,109.21548184481534,0.3174692174979169,341.8636363636364,683.7272727272727,11,0.16461414098739624,0.3292282819747925,2,2,0.1,0.5,5,5,6,5.5
7,train,140.64935,0.35978094,377.05,754.1,10,0.18823227286338806,0.3764645457267761,2,2,0.1,0.5,5,5,6,5.5
8,train,138.14459,0.37408867,352.27272727272725,704.5454545454545,11,0.19762404263019562,0.39524808526039124,2,2,0.1,0.5,5,5,6,5.5
9,train,136.50304690274325,0.3621083086908405,371.3181818181818,742.6363636363636,11,0.18353664875030518,0.36707329750061035,2,2,0.1,0.5,5,5,6,5.5
10,train,139.01355,0.37530744,362.95454545454544,725.9090909090909,11,0.19345006346702576,0.3869001269340515,2,2,0.1,0.5,5,5,6,5.5
10,eval,1118.1920043945313,2.956784828834465,366.8,nan,1,nan,nan,2,2,0.1,0.5,5,5,6,5.5,eval
11,train,111.3442452170632,0.34420146187473316,323.54545454545456,647.0909090909091,11,0.1874270886182785,0.374854177236557,2,2,0.1,0.5,5,5,6,5.5
12,train,132.6849708557129,0.35248506944495434,348.8181818181818,697.6363636363636,11,0.1895011067390442,0.3790022134780884,2,2,0.1,0.5,5,5,6,5.5
13,train,142.6712,0.38056812,367.22727272727275,734.4545454545455,11,0.1937721073627472,0.3875442147254944,2,2,0.1,0.5,5,5,6,5.5
14,train,150.4636,0.3667848,396.65,793.3,10,0.19771958887577057,0.39543917775154114,2,2,0.1,0.5,5,5,6,5.5
15,train,194.43875291612414,0.3932068763893308,448.77777777777777,897.5555555555555,9,0.21556971967220306,0.43113943934440613,2,2,0.1,0.5,5,5,6,5.5
15,eval,1118.1920043945313,2.956784828834465,366.8,nan,1,nan,nan,2,2,0.1,0.5,5,5,6,5.5,eval
16,train,99.96161006047176,0.3120137777774906,306.11538461538464,612.2307692307693,13,0.16254766285419464,0.3250953257083893,2,2,0.1,0.5,5,5,6,5.5
17,train,142.82416811856356,0.370674077669511,369.04545454545456,738.0909090909091,11,0.1938520073890686,0.3877040147781372,2,2,0.1,0.5,5,5,6,5.5
18,train,164.17013295491537,0.3826187658612026,407.8888888888889,815.7777777777778,9,0.203569233417511,0.407138466835022,2,2,0.1,0.5,5,5,6,5.5
19,train,124.38820301402698,0.3466820777198841,351.09090909090907,702.1818181818181,11,0.18524610996246338,0.37049221992492676,2,2,0.1,0.5,5,5,6,5.5
20,train,111.75716908772786,0.3297656856668456,327.8333333333333,655.6666666666666,12,0.1734173595905304,0.3468347191810608,2,2,0.1,0.5,5,5,6,5.5
20,eval,1118.1920043945313,2.956784828834465,366.8,nan,1,nan,nan,2,2,0.1,0.5,5,5,6,5.5,eval
21,train,168.23416,0.3770056,428.27777777777777,856.5555555555555,9,0.1950383186340332,0.3900766372680664,2,2,0.1,0.5,5,5,6,5.5
22,train,127.1578799161044,0.36447689138149014,342.90909090909093,685.8181818181819,11,0.18449755012989044,0.3689951002597809,2,2,0.1,0.5,5,5,6,5.5
23,train,150.61768,0.3527863,400.9,801.8,10,0.1892038881778717,0.3784077763557434,2,2,0.1,0.5,5,5,6,5.5
24,train,106.65752,0.31635067,333.27272727272725,666.5454545454545,11,0.17695531249046326,0.3539106249809265,2,2,0.1,0.5,5,5,6,5.5
25,train,122.3178939819336,0.35476633946911823,336.04545454545456,672.0909090909091,11,0.17932069301605225,0.3586413860321045,2,2,0.1,0.5,5,5,6,5.5
25,eval,1118.1920043945313,2.956784828834465,366.8,nan,1,nan,nan,2,2,0.1,0.5,5,5,6,5.5,eval
26,train,129.51701771129262,0.3349757612670363,356.3181818181818,712.6363636363636,11,0.18266412615776062,0.36532825231552124,2,2,0.1,0.5,5,5,6,5.5
27,train,156.8784,0.35790682,417.22222222222223,834.4444444444445,9,0.18605941534042358,0.37211883068084717,2,2,0.1,0.5,5,5,6,5.5
28,train,121.27580006917317,0.3602989443739433,331.5833333333333,663.1666666666666,12,0.18782702088356018,0.37565404176712036,2,2,0.1,0.5,5,5,6,5.5
29,train,114.431984,0.32924464,341.90909090909093,683.8181818181819,11,0.1698293834924698,0.3396587669849396,2,2,0.1,0.5,5,5,6,5.5
30,train,140.20184,0.36126772,372.22727272727275,744.4545454545455,11,0.18825915455818176,0.3765183091163635,2,2,0.1,0.5,5,5,6,5.5
30,eval,1118.1920043945313,2.956784828834465,366.8,nan,1,nan,nan,2,2,0.1,0.5,5,5,6,5.5,eval
31,train,118.51133028666179,0.36166948297300755,313.7083333333333,627.4166666666666,12,0.18882933259010315,0.3776586651802063,2,2,0.1,0.5,5,5,6,5.5
32,train,125.44098790486653,0.35631486615384206,340.5,681.0,12,0.18399542570114136,0.3679908514022827,2,2,0.1,0.5,5,5,6,5.5
33,train,113.13049,0.3263519,339.90909090909093,679.8181818181819,11,0.1719498485326767,0.3438996970653534,2,2,0.1,0.5,5,5,6,5.5
34,train,197.90736,0.42803344,449.77777777777777,899.5555555555555,9,0.22187945246696472,0.44375890493392944,2,2,0.1,0.5,5,5,6,5.5
35,train,125.59855651855469,0.3447262964386072,350.22727272727275,700.4545454545455,11,0.17780879139900208,0.35561758279800415,2,2,0.1,0.5,5,5,6,5.5
35,eval,1118.1920043945313,2.956784828834465,366.8,nan,1,nan,nan,2,2,0.1,0.5,5,5,6,5.5,eval
36,train,118.60553,0.36689314,319.3333333333333,638.6666666666666,12,0.18298816680908203,0.36597633361816406,2,2,0.1,0.5,5,5,6,5.5
37,train,131.85263,0.32832077,387.9,775.8,10,0.16900937259197235,0.3380187451839447,2,2,0.1,0.5,5,5,6,5.5
38,train,118.8243293762207,0.3185773417960226,365.65,731.3,10,0.17500446736812592,0.35000893473625183,2,2,0.1,0.5,5,5,6,5.5
39,train,132.41689855402166,0.3607060867934634,350.77272727272725,701.5454545454545,11,0.1856158822774887,0.3712317645549774,2,2,0.1,0.5,5,5,6,5.5
40,train,127.2573311545632,0.34588938934046703,357.3636363636364,714.7272727272727,11,0.17739272117614746,0.3547854423522949,2,2,0.1,0.5,5,5,6,5.5
40,eval,1118.1920043945313,2.956784828834465,366.8,nan,1,nan,nan,2,2,0.1,0.5,5,5,6,5.5,eval
41,train,196.61952,0.439287,441.1666666666667,882.3333333333334,9,0.22262832522392273,0.44525665044784546,2,2,0.1,0.5,5,5,6,5.5
42,train,164.71684,0.38349533,410.6666666666667,821.3333333333334,9,0.194219172000885,0.38843834400177,2,2,0.1,0.5,5,5,6,5.5
43,train,129.2319426103072,0.3532436822722097,360.3636363636364,720.7272727272727,11,0.17888136208057404,0.35776272416114807,2,2,0.1,0.5,5,5,6,5.5
44,train,137.31274,0.3654479,364.3636363636364,728.7272727272727,11,0.18917004764080048,0.37834009528160095,2,2,0.1,0.5,5,5,6,5.5
45,train,112.45547866821289,0.32479133562789425,328.2083333333333,656.4166666666666,12,0.17371423542499542,0.34742847084999084,2,2,0.1,0.5,5,5,6,5.5
45,eval,1118.1920043945313,2.956784828834465,366.8,nan,1,nan,nan,2,2,0.1,0.5,5,5,6,5.5,eval
46,train,122.08269,0.3361832,355.27272727272725,710.5454545454545,11,0.17146123945713043,0.34292247891426086,2,2,0.1,0.5,5,5,6,5.5
47,train,147.07169,0.37760404,379.9,759.8,10,0.20043016970157623,0.40086033940315247,2,2,0.1,0.5,5,5,6,5.5
48,train,118.4262466430664,0.3295016537649175,351.3636363636364,702.7272727272727,11,0.16990330815315247,0.33980661630630493,2,2,0.1,0.5,5,5,6,5.5
49,train,122.7310017672452,0.3351533730164938,351.1818181818182,702.3636363636364,11,0.173918217420578,0.347836434841156,2,2,0.1,0.5,5,5,6,5.5
50,train,136.56695556640625,0.36041601083320424,361.8181818181818,723.6363636363636,11,0.18927547335624695,0.3785509467124939,2,2,0.1,0.5,5,5,6,5.5
50,eval,1118.1920043945313,2.956784828834465,366.8,nan,1,nan,nan,2,2,0.1,0.5,5,5,6,5.5,eval
1,train,98.50010593120868,0.31574845676628094,295.0,590.0,13,0.16928112506866455,0.3385622501373291,3,2,0.15,0.33,5,5,6,5.5
2,train,94.49034294715294,0.29495955372292637,306.2307692307692,612.4615384615385,13,0.1569538116455078,0.3139076232910156,3,2,0.15,0.33,5,5,6,5.5
3,train,122.74847348531087,0.3625240076748735,327.5416666666667,655.0833333333334,12,0.18766756355762482,0.37533512711524963,3,2,0.15,0.33,5,5,6,5.5
4,train,174.821484375,0.43530604709506876,383.05,766.1,10,0.22500167787075043,0.45000335574150085,3,2,0.15,0.33,5,5,6,5.5
5,train,127.31546147664388,0.3617316152304302,333.6666666666667,667.3333333333334,12,0.192844420671463,0.385688841342926,3,2,0.15,0.33,5,5,6,5.5
5,eval,1259.6000244140625,3.1454424381256105,379.7,nan,1,nan,nan,3,2,0.15,0.33,5,5,6,5.5,eval
6,train,137.91672,0.3675085,366.5,733.0,11,0.18714401125907898,0.37428802251815796,3,2,0.15,0.33,5,5,6,5.5
7,train,163.66763000488282,0.39836838173238853,388.7,777.4,10,0.212643563747406,0.425287127494812,3,2,0.15,0.33,5,5,6,5.5
8,train,148.64806,0.39034444,364.2,728.4,10,0.2038358449935913,0.4076716899871826,3,2,0.15,0.33,5,5,6,5.5
9,train,128.63333071195163,0.39745346398105447,309.46153846153845,618.9230769230769,13,0.2094777226448059,0.4189554452896118,3,2,0.15,0.33,5,5,6,5.5
10,train,117.53149,0.35454342,317.4583333333333,634.9166666666666,12,0.18659324944019318,0.37318649888038635,3,2,0.15,0.33,5,5,6,5.5
10,eval,1628.5110961914063,3.554738426208496,428.6,nan,1,nan,nan,3,2,0.15,0.33,5,5,6,5.5,eval
11,train,181.68558,0.42643422,403.45,806.9,10,0.22580748796463013,0.45161497592926025,3,2,0.15,0.33,5,5,6,5.5
12,train,132.41899,0.3800535,332.6363636363636,665.2727272727273,11,0.2063072770833969,0.4126145541667938,3,2,0.15,0.33,5,5,6,5.5
13,train,119.1107,0.4023479,290.75,581.5,14,0.20513084530830383,0.41026169061660767,3,2,0.15,0.33,5,5,6,5.5
14,train,196.7782,0.43626732,426.44444444444446,852.8888888888889,9,0.22746339440345764,0.4549267888069153,3,2,0.15,0.33,5,5,6,5.5
15,train,140.85493,0.37157878,366.5,733.0,11,0.19133342802524567,0.38266685605049133,3,2,0.15,0.33,5,5,6,5.5
15,eval,1762.9058227539062,3.610582447052002,449.5,nan,1,nan,nan,3,2,0.15,0.33,5,5,6,5.5,eval
16,train,131.45088,0.39538312,324.625,649.25,12,0.20329004526138306,0.4065800905227661,3,2,0.15,0.33,5,5,6,5.5
17,train,117.788055,0.37606022,298.5,597.0,13,0.20193490386009216,0.4038698077201843,3,2,0.15,0.33,5,5,6,5.5
18,train,157.41125,0.40510514,370.09090909090907,740.1818181818181,11,0.212344229221344,0.424688458442688,3,2,0.15,0.33,5,5,6,5.5
19,train,135.2028,0.39240825,338.625,677.25,12,0.20089522004127502,0.40179044008255005,3,2,0.15,0.33,5,5,6,5.5
20,train,133.90286000569662,0.3994060661909294,328.25,656.5,12,0.20646512508392334,0.4129302501678467,3,2,0.15,0.33,5,5,6,5.5
20,eval,1762.9058227539062,3.610582447052002,449.5,nan,1,nan,nan,3,2,0.15,0.33,5,5,6,5.5,eval
21,train,158.64204,0.40658247,368.59090909090907,737.1818181818181,11,0.2142409235239029,0.4284818470478058,3,2,0.15,0.33,5,5,6,5.5
22,train,147.38849,0.41029117,349.54545454545456,699.0909090909091,11,0.20983074605464935,0.4196614921092987,3,2,0.15,0.33,5,5,6,5.5
23,train,146.72133,0.37759933,360.77272727272725,721.5454545454545,11,0.20362253487110138,0.40724506974220276,3,2,0.15,0.33,5,5,6,5.5
24,train,119.81134796142578,0.36475869150853707,318.1666666666667,636.3333333333334,12,0.19029897451400757,0.38059794902801514,3,2,0.15,0.33,5,5,6,5.5
25,train,168.1639,0.41561866,382.3,764.6,10,0.2217257022857666,0.4434514045715332,3,2,0.15,0.33,5,5,6,5.5
25,eval,1762.9058227539062,3.610582447052002,449.5,nan,1,nan,nan,3,2,0.15,0.33,5,5,6,5.5,eval
26,train,123.1461633046468,0.38306276834023856,313.9166666666667,627.8333333333334,12,0.19346939027309418,0.38693878054618835,3,2,0.15,0.33,5,5,6,5.5
27,train,179.30788,0.39447555,405.2,810.4,10,0.22264009714126587,0.44528019428253174,3,2,0.15,0.33,5,5,6,5.5
28,train,106.12851197378976,0.3681892817107479,284.67857142857144,569.3571428571429,14,0.18883965909481049,0.37767931818962097,3,2,0.15,0.33,5,5,6,5.5
29,train,118.6523907001202,0.35685209831286335,309.1923076923077,618.3846153846154,13,0.18951156735420227,0.37902313470840454,3,2,0.15,0.33,5,5,6,5.5
30,train,106.276665,0.34504855,299.9166666666667,599.8333333333334,12,0.1932695209980011,0.3865390419960022,3,2,0.15,0.33,5,5,6,5.5
30,eval,1762.9058227539062,3.610582447052002,449.5,nan,1,nan,nan,3,2,0.15,0.33,5,5,6,5.5,eval
31,train,149.5406,0.43507072,329.2083333333333,658.4166666666666,12,0.229117289185524,0.458234578371048,3,2,0.15,0.33,5,5,6,5.5
32,train,144.79128,0.39111415,354.3181818181818,708.6363636363636,11,0.20600998401641846,0.4120199680328369,3,2,0.15,0.33,5,5,6,5.5
33,train,128.9948,0.3543917,337.75,675.5,12,0.19296428561210632,0.38592857122421265,3,2,0.15,0.33,5,5,6,5.5
34,train,167.14029,0.44043905,361.40909090909093,722.8181818181819,11,0.23430375754833221,0.46860751509666443,3,2,0.15,0.33,5,5,6,5.5
35,train,129.18921,0.37637225,336.7083333333333,673.4166666666666,12,0.19095076620578766,0.3819015324115753,3,2,0.15,0.33,5,5,6,5.5
35,eval,1762.9058227539062,3.610582447052002,449.5,nan,1,nan,nan,3,2,0.15,0.33,5,5,6,5.5,eval
36,train,137.23465,0.40108523,325.625,651.25,12,0.20779649913311005,0.4155929982662201,3,2,0.15,0.33,5,5,6,5.5
37,train,146.96498,0.41091964,345.95454545454544,691.9090909090909,11,0.21298553049564362,0.42597106099128723,3,2,0.15,0.33,5,5,6,5.5
38,train,135.02788,0.37868536,338.5,677.0,12,0.19877119362354279,0.39754238724708557,3,2,0.15,0.33,5,5,6,5.5
39,train,129.9208869934082,0.41263546028991627,306.7916666666667,613.5833333333334,12,0.2220514416694641,0.4441028833389282,3,2,0.15,0.33,5,5,6,5.5
40,train,116.29584033672626,0.3715002090292205,302.61538461538464,605.2307692307693,13,0.19358982145786285,0.3871796429157257,3,2,0.15,0.33,5,5,6,5.5
40,eval,1762.9058227539062,3.610582447052002,449.5,nan,1,nan,nan,3,2,0.15,0.33,5,5,6,5.5,eval
41,train,152.66133,0.4159484,356.77272727272725,713.5454545454545,11,0.2157803773880005,0.431560754776001,3,2,0.15,0.33,5,5,6,5.5
42,train,109.03973271296574,0.339603576130537,295.0,590.0,13,0.19316327571868896,0.38632655143737793,3,2,0.15,0.33,5,5,6,5.5
43,train,110.44446,0.354361,305.0769230769231,610.1538461538462,13,0.1791720688343048,0.3583441376686096,3,2,0.15,0.33,5,5,6,5.5
44,train,115.83162,0.36284125,308.8076923076923,617.6153846153846,13,0.1857677400112152,0.3715354800224304,3,2,0.15,0.33,5,5,6,5.5
45,train,211.4353764851888,0.42479077334757204,425.5,851.0,9,0.244951531291008,0.489903062582016,3,2,0.15,0.33,5,5,6,5.5
45,eval,1762.9058227539062,3.610582447052002,449.5,nan,1,nan,nan,3,2,0.15,0.33,5,5,6,5.5,eval
46,train,131.96806,0.4033758,321.8636363636364,643.7272727272727,11,0.21552333235740662,0.43104666471481323,3,2,0.15,0.33,5,5,6,5.5
47,train,188.2155,0.43626985,396.3,792.6,10,0.23483824729919434,0.46967649459838867,3,2,0.15,0.33,5,5,6,5.5
48,train,153.85416412353516,0.3932960085358397,355.3636363636364,710.7272727272727,11,0.21768751740455627,0.43537503480911255,3,2,0.15,0.33,5,5,6,5.5
49,train,110.73163898174579,0.3576769073830436,301.3076923076923,602.6153846153846,13,0.18093237280845642,0.36186474561691284,3,2,0.15,0.33,5,5,6,5.5
50,train,179.17844,0.42033204,392.75,785.5,10,0.22874867916107178,0.45749735832214355,3,2,0.15,0.33,5,5,6,5.5
50,eval,1762.9058227539062,3.610582447052002,449.5,nan,1,nan,nan,3,2,0.15,0.33,5,5,6,5.5,eval
1,train,153.25933380126952,0.36492965603958477,386.2,772.4,10,0.19501526653766632,0.39003053307533264,4,2,0.15,0.5,5,5,6,5.5
2,train,137.72852,0.38550398,355.1,710.2,10,0.20260553061962128,0.40521106123924255,4,2,0.15,0.5,5,5,6,5.5
3,train,192.12567,0.39521962,447.77777777777777,895.5555555555555,9,0.2137468457221985,0.427493691444397,4,2,0.15,0.5,5,5,6,5.5
4,train,149.9797,0.3607765,396.8,793.6,10,0.1907588690519333,0.3815177381038666,4,2,0.15,0.5,5,5,6,5.5
5,train,247.74722,0.4550665,499.5625,999.125,8,0.24847659468650818,0.49695318937301636,4,2,0.15,0.5,5,5,6,5.5
5,eval,1150.037158203125,2.93431082599633,377.0,nan,1,nan,nan,4,2,0.15,0.5,5,5,6,5.5,eval
6,train,180.29863,0.41210482,415.8888888888889,831.7777777777778,9,0.22334188222885132,0.44668376445770264,4,2,0.15,0.5,5,5,6,5.5
7,train,173.0265884399414,0.37953247825304665,421.1111111111111,842.2222222222222,9,0.20345237851142883,0.40690475702285767,4,2,0.15,0.5,5,5,6,5.5
8,train,183.66135,0.3986241,438.6875,877.375,8,0.22287926077842712,0.44575852155685425,4,2,0.15,0.5,5,5,6,5.5
9,train,156.2731,0.4026332,385.7,771.4,10,0.20460999011993408,0.40921998023986816,4,2,0.15,0.5,5,5,6,5.5
10,train,148.94193,0.39090928,373.4,746.8,10,0.2054760903120041,0.4109521806240082,4,2,0.15,0.5,5,5,6,5.5
10,eval,1150.037158203125,2.93431082599633,377.0,nan,1,nan,nan,4,2,0.15,0.5,5,5,6,5.5,eval
11,train,158.57309,0.3755075,398.95,797.9,10,0.20196375250816345,0.4039275050163269,4,2,0.15,0.5,5,5,6,5.5
12,train,191.86897,0.41996762,439.5,879.0,9,0.22032800316810608,0.44065600633621216,4,2,0.15,0.5,5,5,6,5.5
13,train,162.40614,0.3845421,409.4,818.8,10,0.19824934005737305,0.3964986801147461,4,2,0.15,0.5,5,5,6,5.5
14,train,157.45665232340494,0.3695789645006518,408.05555555555554,816.1111111111111,9,0.19512063264846802,0.39024126529693604,4,2,0.15,0.5,5,5,6,5.5
15,train,166.24615173339845,0.38120309506807853,409.25,818.5,10,0.20318108797073364,0.4063621759414673,4,2,0.15,0.5,5,5,6,5.5
15,eval,1150.037158203125,2.93431082599633,377.0,nan,1,nan,nan,4,2,0.15,0.5,5,5,6,5.5,eval
16,train,213.93095,0.46497715,447.3333333333333,894.6666666666666,9,0.2393176555633545,0.478635311126709,4,2,0.15,0.5,5,5,6,5.5
17,train,148.06918,0.37596714,382.3125,764.625,8,0.20917589962482452,0.41835179924964905,4,2,0.15,0.5,5,5,6,5.5
18,train,287.9914,0.49203038,554.8571428571429,1109.7142857142858,7,0.2540074586868286,0.5080149173736572,4,2,0.15,0.5,5,5,6,5.5
19,train,213.13101,0.41644758,469.1875,938.375,8,0.23190215229988098,0.46380430459976196,4,2,0.15,0.5,5,5,6,5.5
20,train,239.54547,0.46408993,492.6875,985.375,8,0.24042746424674988,0.48085492849349976,4,2,0.15,0.5,5,5,6,5.5
20,eval,1150.037158203125,2.93431082599633,377.0,nan,1,nan,nan,4,2,0.15,0.5,5,5,6,5.5,eval
21,train,148.09384,0.37097567,387.4,774.8,10,0.18871967494487762,0.37743934988975525,4,2,0.15,0.5,5,5,6,5.5
22,train,216.15327,0.43651688,483.3125,966.625,8,0.22046269476413727,0.44092538952827454,4,2,0.15,0.5,5,5,6,5.5
23,train,275.59177,0.48420724,544.2857142857143,1088.5714285714287,7,0.2485235035419464,0.4970470070838928,4,2,0.15,0.5,5,5,6,5.5
24,train,219.15273,0.40524355,516.9285714285714,1033.857142857143,7,0.21145792305469513,0.42291584610939026,4,2,0.15,0.5,5,5,6,5.5
25,train,160.7263,0.38778958,396.3,792.6,10,0.2039380818605423,0.4078761637210846,4,2,0.15,0.5,5,5,6,5.5
25,eval,1150.037158203125,2.93431082599633,377.0,nan,1,nan,nan,4,2,0.15,0.5,5,5,6,5.5,eval
26,train,270.19077,0.45329875,551.9285714285714,1103.857142857143,7,0.24338649213314056,0.48677298426628113,4,2,0.15,0.5,5,5,6,5.5
27,train,188.36241,0.42004505,437.625,875.25,8,0.22713032364845276,0.4542606472969055,4,2,0.15,0.5,5,5,6,5.5
28,train,195.92906,0.40580204,446.625,893.25,8,0.23320052027702332,0.46640104055404663,4,2,0.15,0.5,5,5,6,5.5
29,train,204.32812,0.4402995,447.94444444444446,895.8888888888889,9,0.2297312617301941,0.4594625234603882,4,2,0.15,0.5,5,5,6,5.5
30,train,235.0389,0.46130735,491.0625,982.125,8,0.24028173089027405,0.4805634617805481,4,2,0.15,0.5,5,5,6,5.5
30,eval,1150.037158203125,2.93431082599633,377.0,nan,1,nan,nan,4,2,0.15,0.5,5,5,6,5.5,eval
31,train,212.33168697357178,0.3951299805562575,474.0,948.0,8,0.22360646724700928,0.44721293449401855,4,2,0.15,0.5,5,5,6,5.5
32,train,183.19037,0.4034116,434.77777777777777,869.5555555555555,9,0.20857453346252441,0.41714906692504883,4,2,0.15,0.5,5,5,6,5.5
33,train,192.5997,0.38778743,458.5,917.0,8,0.20331953465938568,0.40663906931877136,4,2,0.15,0.5,5,5,6,5.5
34,train,233.11758,0.43705317,507.8125,1015.625,8,0.2305949181318283,0.4611898362636566,4,2,0.15,0.5,5,5,6,5.5
35,train,257.38635,0.41539833,576.5714285714286,1153.142857142857,7,0.2239329218864441,0.4478658437728882,4,2,0.15,0.5,5,5,6,5.5
35,eval,1150.037158203125,2.93431082599633,377.0,nan,1,nan,nan,4,2,0.15,0.5,5,5,6,5.5,eval
36,train,211.75122,0.44520772,452.6666666666667,905.3333333333334,9,0.2336132824420929,0.4672265648841858,4,2,0.15,0.5,5,5,6,5.5
37,train,204.76814,0.416084,458.875,917.75,8,0.22705766558647156,0.4541153311729431,4,2,0.15,0.5,5,5,6,5.5
38,train,203.8121,0.4275337,451.6111111111111,903.2222222222222,9,0.2251354157924652,0.4502708315849304,4,2,0.15,0.5,5,5,6,5.5
39,train,178.55524,0.4119547,417.3888888888889,834.7777777777778,9,0.21427759528160095,0.4285551905632019,4,2,0.15,0.5,5,5,6,5.5
40,train,168.09982,0.41702765,387.85,775.7,10,0.21944046020507812,0.43888092041015625,4,2,0.15,0.5,5,5,6,5.5
40,eval,1150.037158203125,2.93431082599633,377.0,nan,1,nan,nan,4,2,0.15,0.5,5,5,6,5.5,eval
41,train,166.15935,0.3987122,399.55,799.1,10,0.20749406516551971,0.41498813033103943,4,2,0.15,0.5,5,5,6,5.5
42,train,313.38336,0.45338726,652.25,1304.5,6,0.2417498230934143,0.4834996461868286,4,2,0.15,0.5,5,5,6,5.5
43,train,175.66396,0.40792513,417.3888888888889,834.7777777777778,9,0.21771083772182465,0.4354216754436493,4,2,0.15,0.5,5,5,6,5.5
44,train,247.3094,0.47001186,499.14285714285717,998.2857142857143,7,0.24709120392799377,0.49418240785598755,4,2,0.15,0.5,5,5,6,5.5
45,train,255.0293,0.41782472,540.5,1081.0,7,0.2327539175748825,0.465507835149765,4,2,0.15,0.5,5,5,6,5.5
45,eval,1150.037158203125,2.93431082599633,377.0,nan,1,nan,nan,4,2,0.15,0.5,5,5,6,5.5,eval
46,train,218.59438,0.44561273,481.375,962.75,8,0.22818569839000702,0.45637139678001404,4,2,0.15,0.5,5,5,6,5.5
47,train,210.9168,0.44621426,443.6666666666667,887.3333333333334,9,0.239498570561409,0.478997141122818,4,2,0.15,0.5,5,5,6,5.5
48,train,167.51674,0.419869,398.22222222222223,796.4444444444445,9,0.21809762716293335,0.4361952543258667,4,2,0.15,0.5,5,5,6,5.5
49,train,179.58932,0.40713584,431.5,863.0,8,0.2065247893333435,0.413049578666687,4,2,0.15,0.5,5,5,6,5.5
50,train,303.66232,0.4586043,612.9166666666666,1225.8333333333333,6,0.24727454781532288,0.49454909563064575,4,2,0.15,0.5,5,5,6,5.5
50,eval,1150.037158203125,2.93431082599633,377.0,nan,1,nan,nan,4,2,0.15,0.5,5,5,6,5.5,eval
1,train,114.50249608357747,0.30866508705215406,327.875,655.75,12,0.1772492527961731,0.3544985055923462,5,2,0.2,0.33,5,5,6,5.5
2,train,146.19493,0.38963234,350.77272727272725,701.5454545454545,11,0.21124136447906494,0.4224827289581299,5,2,0.2,0.33,5,5,6,5.5
3,train,113.08732,0.35636115,315.125,630.25,12,0.18522103130817413,0.37044206261634827,5,2,0.2,0.33,5,5,6,5.5
4,train,149.43947,0.41478556,355.8636363636364,711.7272727272727,11,0.20924849808216095,0.4184969961643219,5,2,0.2,0.33,5,5,6,5.5
5,train,168.6456,0.42605036,365.3181818181818,730.6363636363636,11,0.23336738348007202,0.46673476696014404,5,2,0.2,0.33,5,5,6,5.5
5,eval,2039.7303588867187,3.647283124923706,523.5,nan,1,nan,nan,5,2,0.2,0.33,5,5,6,5.5,eval
6,train,190.3469,0.42595434,419.9375,839.875,8,0.23838284611701965,0.4767656922340393,5,2,0.2,0.33,5,5,6,5.5
7,train,151.80972,0.40209705,364.54545454545456,729.0909090909091,11,0.20971719920635223,0.41943439841270447,5,2,0.2,0.33,5,5,6,5.5
8,train,208.23564,0.49866718,408.6,817.2,10,0.2545130252838135,0.509026050567627,5,2,0.2,0.33,5,5,6,5.5
9,train,186.27684631347657,0.43385044750811036,398.05,796.1,10,0.23285764455795288,0.46571528911590576,5,2,0.2,0.33,5,5,6,5.5
10,train,169.00047,0.46094808,361.3181818181818,722.6363636363636,11,0.23568160831928253,0.47136321663856506,5,2,0.2,0.33,5,5,6,5.5
10,eval,2045.7721801757812,3.697954273223877,528.7,nan,1,nan,nan,5,2,0.2,0.33,5,5,6,5.5,eval
11,train,156.16978,0.44371155,346.3636363636364,692.7272727272727,11,0.2296723574399948,0.4593447148799896,5,2,0.2,0.33,5,5,6,5.5
12,train,138.03973,0.3873901,350.40909090909093,700.8181818181819,11,0.2005578577518463,0.4011157155036926,5,2,0.2,0.33,5,5,6,5.5
13,train,221.20865,0.45681372,447.2142857142857,894.4285714285714,7,0.25866228342056274,0.5173245668411255,5,2,0.2,0.33,5,5,6,5.5
14,train,169.12683,0.43140662,365.3181818181818,730.6363636363636,11,0.23237085342407227,0.46474170684814453,5,2,0.2,0.33,5,5,6,5.5
15,train,209.55631171332465,0.4186534488172076,437.94444444444446,875.8888888888889,9,0.24221980571746826,0.4844396114349365,5,2,0.2,0.33,5,5,6,5.5
15,eval,2045.7721801757812,3.697954273223877,528.7,nan,1,nan,nan,5,2,0.2,0.33,5,5,6,5.5,eval
16,train,162.44958,0.418697,369.09090909090907,738.1818181818181,11,0.21935349702835083,0.43870699405670166,5,2,0.2,0.33,5,5,6,5.5
17,train,133.31265,0.41591033,318.8,637.6,10,0.22338435053825378,0.44676870107650757,5,2,0.2,0.33,5,5,6,5.5
18,train,215.29955,0.4422997,435.77777777777777,871.5555555555555,9,0.25268983840942383,0.5053796768188477,5,2,0.2,0.33,5,5,6,5.5
19,train,254.40102,0.46154106,500.8125,1001.625,8,0.2545791566371918,0.5091583132743835,5,2,0.2,0.33,5,5,6,5.5
20,train,184.51361,0.43302497,387.85,775.7,10,0.23680371046066284,0.4736074209213257,5,2,0.2,0.33,5,5,6,5.5
20,eval,2045.7721801757812,3.697954273223877,528.7,nan,1,nan,nan,5,2,0.2,0.33,5,5,6,5.5,eval
21,train,251.15085,0.4741609,482.9375,965.875,8,0.25649315118789673,0.5129863023757935,5,2,0.2,0.33,5,5,6,5.5
22,train,212.99173,0.47921032,435.6111111111111,871.2222222222222,9,0.2451300323009491,0.4902600646018982,5,2,0.2,0.33,5,5,6,5.5
23,train,247.88263,0.49151164,498.6875,997.375,8,0.2463509738445282,0.4927019476890564,5,2,0.2,0.33,5,5,6,5.5
24,train,224.54062,0.4019765,499.375,998.75,8,0.22582271695137024,0.4516454339027405,5,2,0.2,0.33,5,5,6,5.5
25,train,149.70728,0.40897495,352.45454545454544,704.9090909090909,11,0.2144755721092224,0.4289511442184448,5,2,0.2,0.33,5,5,6,5.5
25,eval,2045.7721801757812,3.697954273223877,528.7,nan,1,nan,nan,5,2,0.2,0.33,5,5,6,5.5,eval
26,train,169.44263,0.44409218,361.77272727272725,723.5454545454545,11,0.23969537019729614,0.4793907403945923,5,2,0.2,0.33,5,5,6,5.5
27,train,169.78821,0.44434032,369.8,739.6,10,0.23463961482048035,0.4692792296409607,5,2,0.2,0.33,5,5,6,5.5
28,train,149.23367,0.4065677,345.9375,691.875,8,0.24015183746814728,0.48030367493629456,5,2,0.2,0.33,5,5,6,5.5
29,train,190.28072,0.4205254,422.1111111111111,844.2222222222222,9,0.22945943474769592,0.45891886949539185,5,2,0.2,0.33,5,5,6,5.5
30,train,136.8059056599935,0.40220307269803834,321.0416666666667,642.0833333333334,12,0.2193390130996704,0.4386780261993408,5,2,0.2,0.33,5,5,6,5.5
30,eval,2045.7721801757812,3.697954273223877,528.7,nan,1,nan,nan,5,2,0.2,0.33,5,5,6,5.5,eval
31,train,176.62732,0.42541218,383.15,766.3,10,0.23355934023857117,0.46711868047714233,5,2,0.2,0.33,5,5,6,5.5
32,train,175.3365,0.44816628,380.65,761.3,10,0.2334112673997879,0.4668225347995758,5,2,0.2,0.33,5,5,6,5.5
33,train,132.84537,0.37803984,336.0833333333333,672.1666666666666,12,0.19557400047779083,0.39114800095558167,5,2,0.2,0.33,5,5,6,5.5
34,train,221.07568,0.44044125,468.375,936.75,8,0.23969171941280365,0.4793834388256073,5,2,0.2,0.33,5,5,6,5.5
35,train,145.75073,0.40070736,345.09090909090907,690.1818181818181,11,0.20815005898475647,0.41630011796951294,5,2,0.2,0.33,5,5,6,5.5
35,eval,2045.7721801757812,3.697954273223877,528.7,nan,1,nan,nan,5,2,0.2,0.33,5,5,6,5.5,eval
36,train,189.4694,0.44735664,401.8333333333333,803.6666666666666,9,0.23807789385318756,0.4761557877063751,5,2,0.2,0.33,5,5,6,5.5
37,train,193.62982,0.4228531,416.1875,832.375,8,0.2548288106918335,0.509657621383667,5,2,0.2,0.33,5,5,6,5.5
38,train,180.76186,0.41627008,403.0,806.0,9,0.23381593823432922,0.46763187646865845,5,2,0.2,0.33,5,5,6,5.5
39,train,146.94484,0.3877403,371.3181818181818,742.6363636363636,11,0.19787642359733582,0.39575284719467163,5,2,0.2,0.33,5,5,6,5.5
40,train,168.22153,0.4169198,377.9,755.8,10,0.22119635343551636,0.4423927068710327,5,2,0.2,0.33,5,5,6,5.5
40,eval,2045.7721801757812,3.697954273223877,528.7,nan,1,nan,nan,5,2,0.2,0.33,5,5,6,5.5,eval
41,train,206.07285,0.4663872,434.25,868.5,8,0.24796217679977417,0.49592435359954834,5,2,0.2,0.33,5,5,6,5.5
42,train,153.36418,0.41831866,356.3636363636364,712.7272727272727,11,0.21736516058444977,0.43473032116889954,5,2,0.2,0.33,5,5,6,5.5
43,train,177.5899,0.4060064,402.6666666666667,805.3333333333334,9,0.22591590881347656,0.4518318176269531,5,2,0.2,0.33,5,5,6,5.5
44,train,201.16875,0.43467355,420.5,841.0,8,0.25233346223831177,0.5046669244766235,5,2,0.2,0.33,5,5,6,5.5
45,train,267.54767,0.47021186,506.9375,1013.875,8,0.2620079517364502,0.5240159034729004,5,2,0.2,0.33,5,5,6,5.5
45,eval,2045.7721801757812,3.697954273223877,528.7,nan,1,nan,nan,5,2,0.2,0.33,5,5,6,5.5,eval
46,train,217.07723066541882,0.43520028724493803,451.3888888888889,902.7777777777778,9,0.2397083342075348,0.4794166684150696,5,2,0.2,0.33,5,5,6,5.5
47,train,218.11646,0.47595236,443.0,886.0,9,0.24650076031684875,0.4930015206336975,5,2,0.2,0.33,5,5,6,5.5
48,train,254.20668,0.48414516,473.5,947.0,8,0.2675839364528656,0.5351678729057312,5,2,0.2,0.33,5,5,6,5.5
49,train,227.84032,0.466859,461.875,923.75,8,0.24266169965267181,0.48532339930534363,5,2,0.2,0.33,5,5,6,5.5
50,train,170.5974,0.42027172,385.65,771.3,10,0.2236848920583725,0.447369784116745,5,2,0.2,0.33,5,5,6,5.5
50,eval,2045.7721801757812,3.697954273223877,528.7,nan,1,nan,nan,5,2,0.2,0.33,5,5,6,5.5,eval
1,train,203.32684,0.42426118,450.44444444444446,900.8888888888889,9,0.22678199410438538,0.45356398820877075,6,2,0.2,0.5,5,5,6,5.5
2,train,189.2223,0.40404096,445.77777777777777,891.5555555555555,9,0.21575790643692017,0.43151581287384033,6,2,0.2,0.5,5,5,6,5.5
3,train,160.58188,0.38762993,404.0,808.0,10,0.19773148000240326,0.3954629600048065,6,2,0.2,0.5,5,5,6,5.5
4,train,297.5946,0.4747201,574.5833333333334,1149.1666666666667,6,0.25488799810409546,0.5097759962081909,6,2,0.2,0.5,5,5,6,5.5
5,train,288.21707,0.49501276,572.1428571428571,1144.2857142857142,7,0.25429075956344604,0.5085815191268921,6,2,0.2,0.5,5,5,6,5.5
5,eval,1200.7342407226563,3.1553330421447754,370.3,nan,1,nan,nan,6,2,0.2,0.5,5,5,6,5.5,eval
6,train,213.4297,0.4318872,470.6875,941.375,8,0.228873610496521,0.457747220993042,6,2,0.2,0.5,5,5,6,5.5
7,train,193.41022,0.42877418,442.1666666666667,884.3333333333334,9,0.22031551599502563,0.44063103199005127,6,2,0.2,0.5,5,5,6,5.5
8,train,256.8633,0.47339377,507.8125,1015.625,8,0.25206267833709717,0.5041253566741943,6,2,0.2,0.5,5,5,6,5.5
9,train,216.91411,0.4160691,492.5625,985.125,8,0.21549266576766968,0.43098533153533936,6,2,0.2,0.5,5,5,6,5.5
10,train,314.43073,0.46223497,656.5,1313.0,6,0.24351158738136292,0.48702317476272583,6,2,0.2,0.5,5,5,6,5.5
10,eval,2138.5428955078123,3.7963562488555906,532.9,nan,1,nan,nan,6,2,0.2,0.5,5,5,6,5.5,eval
11,train,342.74872,0.54608643,612.0,1224.0,5,0.28100550174713135,0.5620110034942627,6,2,0.2,0.5,5,5,6,5.5
12,train,212.23102,0.4229834,476.75,953.5,8,0.22249412536621094,0.4449882507324219,6,2,0.2,0.5,5,5,6,5.5
13,train,259.02713,0.50620735,508.375,1016.75,8,0.25511330366134644,0.5102266073226929,6,2,0.2,0.5,5,5,6,5.5
14,train,250.20842,0.43519104,551.0833333333334,1102.1666666666667,6,0.2500048279762268,0.5000096559524536,6,2,0.2,0.5,5,5,6,5.5
15,train,415.76678,0.5201352,778.3,1556.6,5,0.2624821662902832,0.5249643325805664,6,2,0.2,0.5,5,5,6,5.5
15,eval,2138.5428955078123,3.7963562488555906,532.9,nan,1,nan,nan,6,2,0.2,0.5,5,5,6,5.5,eval
16,train,276.9432,0.45217595,549.2142857142857,1098.4285714285713,7,0.2502339482307434,0.5004678964614868,6,2,0.2,0.5,5,5,6,5.5
17,train,245.07864,0.48104832,492.5625,985.125,8,0.2498147040605545,0.499629408121109,6,2,0.2,0.5,5,5,6,5.5
18,train,297.73605,0.4695764,598.4166666666666,1196.8333333333333,6,0.25253239274024963,0.5050647854804993,6,2,0.2,0.5,5,5,6,5.5
19,train,208.83359,0.43402463,464.8125,929.625,8,0.23597633838653564,0.4719526767730713,6,2,0.2,0.5,5,5,6,5.5
20,train,288.471,0.49304956,548.7857142857143,1097.5714285714287,7,0.26848119497299194,0.5369623899459839,6,2,0.2,0.5,5,5,6,5.5
20,eval,2138.5428955078123,3.7963562488555906,532.9,nan,1,nan,nan,6,2,0.2,0.5,5,5,6,5.5,eval
21,train,329.92517,0.4884286,623.25,1246.5,6,0.2610640823841095,0.522128164768219,6,2,0.2,0.5,5,5,6,5.5
22,train,356.96008,0.5324972,652.8333333333334,1305.6666666666667,6,0.27167344093322754,0.5433468818664551,6,2,0.2,0.5,5,5,6,5.5
23,train,157.69052,0.38106972,408.0,816.0,10,0.1937137246131897,0.3874274492263794,6,2,0.2,0.5,5,5,6,5.5
24,train,368.2945,0.51212823,699.1,1398.2,5,0.2604238986968994,0.5208477973937988,6,2,0.2,0.5,5,5,6,5.5
25,train,248.51353,0.48325485,493.5,987.0,8,0.2557850480079651,0.5115700960159302,6,2,0.2,0.5,5,5,6,5.5
25,eval,2138.5428955078123,3.7963562488555906,532.9,nan,1,nan,nan,6,2,0.2,0.5,5,5,6,5.5,eval
26,train,160.52377,0.38182428,390.75,781.5,10,0.20738080143928528,0.41476160287857056,6,2,0.2,0.5,5,5,6,5.5
27,train,220.04175,0.44200557,481.125,962.25,8,0.2303956151008606,0.4607912302017212,6,2,0.2,0.5,5,5,6,5.5
28,train,290.26053,0.45275924,588.5833333333334,1177.1666666666667,6,0.2504396438598633,0.5008792877197266,6,2,0.2,0.5,5,5,6,5.5
29,train,231.4761,0.44382578,487.875,975.75,8,0.23882490396499634,0.4776498079299927,6,2,0.2,0.5,5,5,6,5.5
30,train,357.6861,0.48591414,690.3,1380.6,5,0.2643086314201355,0.528617262840271,6,2,0.2,0.5,5,5,6,5.5
30,eval,2138.5428955078123,3.7963562488555906,532.9,nan,1,nan,nan,6,2,0.2,0.5,5,5,6,5.5,eval
31,train,306.8264,0.47365075,573.5714285714286,1147.142857142857,7,0.26964300870895386,0.5392860174179077,6,2,0.2,0.5,5,5,6,5.5
32,train,481.0843,0.53511804,804.625,1609.25,4,0.29835087060928345,0.5967017412185669,6,2,0.2,0.5,5,5,6,5.5
33,train,297.19937,0.43911457,580.5,1161.0,7,0.25645869970321655,0.5129173994064331,6,2,0.2,0.5,5,5,6,5.5
34,train,211.02934,0.4696457,444.92857142857144,889.8571428571429,7,0.24249106645584106,0.48498213291168213,6,2,0.2,0.5,5,5,6,5.5
35,train,358.83276,0.4938488,663.3333333333334,1326.6666666666667,6,0.2682584524154663,0.5365169048309326,6,2,0.2,0.5,5,5,6,5.5
35,eval,2138.5428955078123,3.7963562488555906,532.9,nan,1,nan,nan,6,2,0.2,0.5,5,5,6,5.5,eval
36,train,239.59833,0.4609535,492.875,985.75,8,0.24535778164863586,0.49071556329727173,6,2,0.2,0.5,5,5,6,5.5
37,train,238.0173,0.45540422,500.8125,1001.625,8,0.23880597949028015,0.4776119589805603,6,2,0.2,0.5,5,5,6,5.5
38,train,265.70078,0.45833212,560.4285714285714,1120.857142857143,7,0.23614686727523804,0.4722937345504761,6,2,0.2,0.5,5,5,6,5.5
39,train,257.9246499197824,0.4475395290219054,514.2857142857143,1028.5714285714287,7,0.2570611238479614,0.5141222476959229,6,2,0.2,0.5,5,5,6,5.5
40,train,186.1669,0.43603626,414.8888888888889,829.7777777777778,9,0.22234120965003967,0.44468241930007935,6,2,0.2,0.5,5,5,6,5.5
40,eval,2138.5428955078123,3.7963562488555906,532.9,nan,1,nan,nan,6,2,0.2,0.5,5,5,6,5.5,eval
41,train,455.77515,0.54496276,792.3,1584.6,5,0.28426262736320496,0.5685252547264099,6,2,0.2,0.5,5,5,6,5.5
42,train,530.1902,0.549738,966.25,1932.5,4,0.2703571319580078,0.5407142639160156,6,2,0.2,0.5,5,5,6,5.5
43,train,140.39891,0.37439793,365.1,730.2,10,0.20230349898338318,0.40460699796676636,6,2,0.2,0.5,5,5,6,5.5
44,train,323.2021,0.48653805,624.8333333333334,1249.6666666666667,6,0.25571173429489136,0.5114234685897827,6,2,0.2,0.5,5,5,6,5.5
45,train,257.91745,0.42815867,539.7142857142857,1079.4285714285713,7,0.2386372685432434,0.4772745370864868,6,2,0.2,0.5,5,5,6,5.5
45,eval,2138.5428955078123,3.7963562488555906,532.9,nan,1,nan,nan,6,2,0.2,0.5,5,5,6,5.5,eval
46,train,428.41913,0.5150744,764.8,1529.6,5,0.2749943137168884,0.5499886274337769,6,2,0.2,0.5,5,5,6,5.5
47,train,290.9609,0.49160767,577.3333333333334,1154.6666666666667,6,0.2505441904067993,0.5010883808135986,6,2,0.2,0.5,5,5,6,5.5
48,train,225.82634,0.431489,497.9375,995.875,8,0.2305615246295929,0.4611230492591858,6,2,0.2,0.5,5,5,6,5.5
49,train,329.45618,0.47128287,630.25,1260.5,6,0.26400962471961975,0.5280192494392395,6,2,0.2,0.5,5,5,6,5.5
50,train,292.6191,0.48739585,579.1666666666666,1158.3333333333333,6,0.25323018431663513,0.5064603686332703,6,2,0.2,0.5,5,5,6,5.5
50,eval,2138.5428955078123,3.7963562488555906,532.9,nan,1,nan,nan,6,2,0.2,0.5,5,5,6,5.5,eval
1,train,216.85369300842285,0.45375423267576265,438.3125,876.625,8,0.2625366151332855,0.525073230266571,7,5,0.1,0.33,5,5,6,5.5
2,train,201.24889,0.4340763,406.0,812.0,10,0.24826890230178833,0.49653780460357666,7,5,0.1,0.33,5,5,6,5.5
3,train,215.39896,0.45727456,446.77777777777777,893.5555555555555,9,0.24182727932929993,0.48365455865859985,7,5,0.1,0.33,5,5,6,5.5
4,train,214.49034,0.45343515,454.8888888888889,909.7777777777778,9,0.23564620316028595,0.4712924063205719,7,5,0.1,0.33,5,5,6,5.5
5,train,204.55074,0.50215185,399.05,798.1,10,0.2561476528644562,0.5122953057289124,7,5,0.1,0.33,5,5,6,5.5
5,eval,2930.505419921875,4.254637241363525,654.4,nan,1,nan,nan,7,5,0.1,0.33,5,5,6,5.5,eval
6,train,208.1434,0.48097876,416.3888888888889,832.7777777777778,9,0.25077134370803833,0.5015426874160767,7,5,0.1,0.33,5,5,6,5.5
7,train,244.83708,0.5313832,449.8333333333333,899.6666666666666,9,0.27093881368637085,0.5418776273727417,7,5,0.1,0.33,5,5,6,5.5
8,train,339.81485,0.54751873,561.0,1122.0,6,0.30080804228782654,0.6016160845756531,7,5,0.1,0.33,5,5,6,5.5
9,train,183.71114,0.43110546,394.7,789.4,10,0.2388891577720642,0.4777783155441284,7,5,0.1,0.33,5,5,6,5.5
10,train,208.38084,0.4795421,431.55555555555554,863.1111111111111,9,0.24332423508167267,0.48664847016334534,7,5,0.1,0.33,5,5,6,5.5
10,eval,2930.505419921875,4.254637241363525,654.4,nan,1,nan,nan,7,5,0.1,0.33,5,5,6,5.5,eval
11,train,272.0961,0.48479107,501.1875,1002.375,8,0.2685790956020355,0.537158191204071,7,5,0.1,0.33,5,5,6,5.5
12,train,220.24153,0.4636018,441.8333333333333,883.6666666666666,9,0.24844840168952942,0.49689680337905884,7,5,0.1,0.33,5,5,6,5.5
13,train,191.66812,0.46159068,400.95,801.9,10,0.23855021595954895,0.4771004319190979,7,5,0.1,0.33,5,5,6,5.5
14,train,181.08969,0.462915,380.4,760.8,10,0.24232615530490875,0.4846523106098175,7,5,0.1,0.33,5,5,6,5.5
15,train,202.43507,0.4509384,409.5,819.0,8,0.2551407516002655,0.510281503200531,7,5,0.1,0.33,5,5,6,5.5
15,eval,2930.505419921875,4.254637241363525,654.4,nan,1,nan,nan,7,5,0.1,0.33,5,5,6,5.5,eval
16,train,217.16898,0.46163097,433.94444444444446,867.8888888888889,9,0.24907763302326202,0.49815526604652405,7,5,0.1,0.33,5,5,6,5.5
17,train,229.84532,0.4718196,450.6111111111111,901.2222222222222,9,0.2537367045879364,0.5074734091758728,7,5,0.1,0.33,5,5,6,5.5
18,train,308.18405,0.50994056,564.8571428571429,1129.7142857142858,7,0.2732706665992737,0.5465413331985474,7,5,0.1,0.33,5,5,6,5.5
19,train,220.31134,0.47717926,431.1111111111111,862.2222222222222,9,0.25623786449432373,0.5124757289886475,7,5,0.1,0.33,5,5,6,5.5
20,train,208.88203,0.49612984,409.55555555555554,819.1111111111111,9,0.26319146156311035,0.5263829231262207,7,5,0.1,0.33,5,5,6,5.5
20,eval,2930.505419921875,4.254637241363525,654.4,nan,1,nan,nan,7,5,0.1,0.33,5,5,6,5.5,eval
21,train,359.4165,0.52860254,636.25,1272.5,6,0.28332948684692383,0.5666589736938477,7,5,0.1,0.33,5,5,6,5.5
22,train,233.5152,0.48868954,444.75,889.5,8,0.27252450585365295,0.5450490117073059,7,5,0.1,0.33,5,5,6,5.5
23,train,249.51996,0.4480005,507.1875,1014.375,8,0.24667364358901978,0.49334728717803955,7,5,0.1,0.33,5,5,6,5.5
24,train,202.31543,0.47725296,412.9375,825.875,8,0.2535853087902069,0.5071706175804138,7,5,0.1,0.33,5,5,6,5.5
25,train,238.02748,0.4828238,485.3125,970.625,8,0.23947402834892273,0.47894805669784546,7,5,0.1,0.33,5,5,6,5.5
25,eval,2930.505419921875,4.254637241363525,654.4,nan,1,nan,nan,7,5,0.1,0.33,5,5,6,5.5,eval
26,train,224.19945,0.46051937,446.22222222222223,892.4444444444445,9,0.2514176666736603,0.5028353333473206,7,5,0.1,0.33,5,5,6,5.5
27,train,188.22182,0.44351634,389.1,778.2,10,0.2438458353281021,0.4876916706562042,7,5,0.1,0.33,5,5,6,5.5
28,train,224.65448,0.4967513,440.27777777777777,880.5555555555555,9,0.25472936034202576,0.5094587206840515,7,5,0.1,0.33,5,5,6,5.5
29,train,239.83018,0.4627395,474.75,949.5,8,0.2473047524690628,0.4946095049381256,7,5,0.1,0.33,5,5,6,5.5
30,train,291.16727,0.47786167,568.2857142857143,1136.5714285714287,7,0.2541511058807373,0.5083022117614746,7,5,0.1,0.33,5,5,6,5.5
30,eval,2930.505419921875,4.254637241363525,654.4,nan,1,nan,nan,7,5,0.1,0.33,5,5,6,5.5,eval
31,train,256.8993,0.47793788,502.9375,1005.875,8,0.25619903206825256,0.5123980641365051,7,5,0.1,0.33,5,5,6,5.5
32,train,293.29755,0.46023083,567.3571428571429,1134.7142857142858,7,0.2584346532821655,0.516869306564331,7,5,0.1,0.33,5,5,6,5.5
33,train,226.26584,0.49697855,438.3333333333333,876.6666666666666,9,0.25883984565734863,0.5176796913146973,7,5,0.1,0.33,5,5,6,5.5
34,train,157.96822,0.4355963,343.59090909090907,687.1818181818181,11,0.23003265261650085,0.4600653052330017,7,5,0.1,0.33,5,5,6,5.5
35,train,305.73807,0.5066089,564.0,1128.0,6,0.27972424030303955,0.5594484806060791,7,5,0.1,0.33,5,5,6,5.5
35,eval,2930.505419921875,4.254637241363525,654.4,nan,1,nan,nan,7,5,0.1,0.33,5,5,6,5.5,eval
36,train,197.46933,0.43673518,430.94444444444446,861.8888888888889,9,0.2264922857284546,0.4529845714569092,7,5,0.1,0.33,5,5,6,5.5
37,train,208.19447,0.49479198,411.3888888888889,822.7777777777778,9,0.2492319643497467,0.4984639286994934,7,5,0.1,0.33,5,5,6,5.5
38,train,200.5105,0.50966376,378.55,757.1,10,0.2646276354789734,0.5292552709579468,7,5,0.1,0.33,5,5,6,5.5
39,train,192.6805,0.4943242,381.5,763.0,10,0.2615104019641876,0.5230208039283752,7,5,0.1,0.33,5,5,6,5.5
40,train,226.75513,0.47343326,461.1875,922.375,8,0.2547970414161682,0.5095940828323364,7,5,0.1,0.33,5,5,6,5.5
40,eval,2930.505419921875,4.254637241363525,654.4,nan,1,nan,nan,7,5,0.1,0.33,5,5,6,5.5,eval
41,train,264.2917,0.5036733,501.375,1002.75,8,0.2630559802055359,0.5261119604110718,7,5,0.1,0.33,5,5,6,5.5
42,train,225.20332,0.45900428,452.6111111111111,905.2222222222222,9,0.24952036142349243,0.49904072284698486,7,5,0.1,0.33,5,5,6,5.5
43,train,242.70819,0.4957872,453.6111111111111,907.2222222222222,9,0.2673799991607666,0.5347599983215332,7,5,0.1,0.33,5,5,6,5.5
44,train,361.56863,0.581675,577.7142857142857,1155.4285714285713,7,0.3121767044067383,0.6243534088134766,7,5,0.1,0.33,5,5,6,5.5
45,train,210.66107,0.48531786,415.1111111111111,830.2222222222222,9,0.2543051540851593,0.5086103081703186,7,5,0.1,0.33,5,5,6,5.5
45,eval,2930.505419921875,4.254637241363525,654.4,nan,1,nan,nan,7,5,0.1,0.33,5,5,6,5.5,eval
46,train,273.06244,0.4897166,512.0,1024.0,7,0.26302048563957214,0.5260409712791443,7,5,0.1,0.33,5,5,6,5.5
47,train,217.15796,0.45157713,430.44444444444446,860.8888888888889,9,0.25278228521347046,0.5055645704269409,7,5,0.1,0.33,5,5,6,5.5
48,train,196.68199996948243,0.4570105504936876,409.1,818.2,10,0.24033430218696594,0.4806686043739319,7,5,0.1,0.33,5,5,6,5.5
49,train,227.44122,0.45747277,457.625,915.25,8,0.25344204902648926,0.5068840980529785,7,5,0.1,0.33,5,5,6,5.5
50,train,266.67578,0.5105821,494.625,989.25,8,0.2749246060848236,0.5498492121696472,7,5,0.1,0.33,5,5,6,5.5
50,eval,2930.505419921875,4.254637241363525,654.4,nan,1,nan,nan,7,5,0.1,0.33,5,5,6,5.5,eval
1,train,389.59366,0.5214556,705.2,1410.4,5,0.27353334426879883,0.5470666885375977,8,5,0.1,0.5,5,5,6,5.5
2,train,240.73105,0.45658588,508.375,1016.75,8,0.23655369877815247,0.47310739755630493,8,5,0.1,0.5,5,5,6,5.5
3,train,281.97867,0.48786765,535.9285714285714,1071.857142857143,7,0.2653096914291382,0.5306193828582764,8,5,0.1,0.5,5,5,6,5.5
4,train,350.92908,0.54619014,616.1666666666666,1232.3333333333333,6,0.2860632538795471,0.5721265077590942,8,5,0.1,0.5,5,5,6,5.5
5,train,333.4047,0.54114664,612.6,1225.2,5,0.28534430265426636,0.5706886053085327,8,5,0.1,0.5,5,5,6,5.5
5,eval,4282.2685546875,4.828715991973877,866.2,nan,1,nan,nan,8,5,0.1,0.5,5,5,6,5.5,eval
6,train,207.9051,0.44603798,439.8888888888889,879.7777777777778,9,0.23871465027332306,0.4774293005466461,8,5,0.1,0.5,5,5,6,5.5
7,train,326.3756,0.5266592,599.1666666666666,1198.3333333333333,6,0.27770835161209106,0.5554167032241821,8,5,0.1,0.5,5,5,6,5.5
8,train,454.36963,0.5354048,786.2,1572.4,5,0.2897234559059143,0.5794469118118286,8,5,0.1,0.5,5,5,6,5.5
9,train,377.43518,0.49774066,673.25,1346.5,6,0.2817644476890564,0.5635288953781128,8,5,0.1,0.5,5,5,6,5.5
10,train,439.316,0.5109741,752.3,1504.6,5,0.2874706983566284,0.5749413967132568,8,5,0.1,0.5,5,5,6,5.5
10,eval,4294.92724609375,4.783130741119384,875.2,nan,1,nan,nan,8,5,0.1,0.5,5,5,6,5.5,eval
11,train,443.8943,0.5168316,796.6,1593.2,5,0.2790217995643616,0.5580435991287231,8,5,0.1,0.5,5,5,6,5.5
12,train,439.3596,0.53418744,807.25,1614.5,4,0.28398364782333374,0.5679672956466675,8,5,0.1,0.5,5,5,6,5.5
13,train,330.2197,0.51532334,616.5833333333334,1233.1666666666667,6,0.26323309540748596,0.5264661908149719,8,5,0.1,0.5,5,5,6,5.5
14,train,376.86075,0.5474452,664.5,1329.0,6,0.28505152463912964,0.5701030492782593,8,5,0.1,0.5,5,5,6,5.5
15,train,568.2622,0.62249506,904.875,1809.75,4,0.313310444355011,0.626620888710022,8,5,0.1,0.5,5,5,6,5.5
15,eval,4294.92724609375,4.783130741119384,875.2,nan,1,nan,nan,8,5,0.1,0.5,5,5,6,5.5,eval
16,train,375.4625,0.5405013,661.0,1322.0,6,0.28305304050445557,0.5661060810089111,8,5,0.1,0.5,5,5,6,5.5
17,train,341.6279,0.53728616,619.25,1238.5,6,0.2810942232608795,0.562188446521759,8,5,0.1,0.5,5,5,6,5.5
18,train,262.88577,0.49580812,511.14285714285717,1022.2857142857143,7,0.26433074474334717,0.5286614894866943,8,5,0.1,0.5,5,5,6,5.5
19,train,218.34644,0.47509623,450.77777777777777,901.5555555555555,9,0.24185755848884583,0.48371511697769165,8,5,0.1,0.5,5,5,6,5.5
20,train,320.32785,0.47585416,613.0833333333334,1226.1666666666667,6,0.26087260246276855,0.5217452049255371,8,5,0.1,0.5,5,5,6,5.5
20,eval,4294.92724609375,4.783130741119384,875.2,nan,1,nan,nan,8,5,0.1,0.5,5,5,6,5.5,eval
21,train,626.94556,0.6435263,975.875,1951.75,4,0.322611004114151,0.645222008228302,8,5,0.1,0.5,5,5,6,5.5
22,train,255.61726,0.5006928,494.64285714285717,989.2857142857143,7,0.27015721797943115,0.5403144359588623,8,5,0.1,0.5,5,5,6,5.5
23,train,402.3806,0.5537948,676.3333333333334,1352.6666666666667,6,0.29630371928215027,0.5926074385643005,8,5,0.1,0.5,5,5,6,5.5
24,train,637.39575,0.6029361,1021.3333333333334,2042.6666666666667,3,0.30258214473724365,0.6051642894744873,8,5,0.1,0.5,5,5,6,5.5
25,train,361.20322,0.5535104,627.6666666666666,1255.3333333333333,6,0.28249305486679077,0.5649861097335815,8,5,0.1,0.5,5,5,6,5.5
25,eval,4294.92724609375,4.783130741119384,875.2,nan,1,nan,nan,8,5,0.1,0.5,5,5,6,5.5,eval
26,train,482.7857,0.5097528,884.25,1768.5,4,0.2731371521949768,0.5462743043899536,8,5,0.1,0.5,5,5,6,5.5
27,train,233.38284,0.46230984,498.5,997.0,7,0.23879975080490112,0.47759950160980225,8,5,0.1,0.5,5,5,6,5.5
28,train,244.53195,0.5163273,471.14285714285717,942.2857142857143,7,0.2683928608894348,0.5367857217788696,8,5,0.1,0.5,5,5,6,5.5
29,train,313.12476,0.49704197,566.0,1132.0,7,0.2725711762905121,0.5451423525810242,8,5,0.1,0.5,5,5,6,5.5
30,train,299.92703,0.5049589,577.0,1154.0,7,0.2601514458656311,0.5203028917312622,8,5,0.1,0.5,5,5,6,5.5
30,eval,4294.92724609375,4.783130741119384,875.2,nan,1,nan,nan,8,5,0.1,0.5,5,5,6,5.5,eval
31,train,333.55774,0.5287221,601.3333333333334,1202.6666666666667,6,0.27652257680892944,0.5530451536178589,8,5,0.1,0.5,5,5,6,5.5
32,train,293.08234,0.5172569,547.1,1094.2,5,0.29382145404815674,0.5876429080963135,8,5,0.1,0.5,5,5,6,5.5
33,train,291.3945,0.5232255,547.8333333333334,1095.6666666666667,6,0.2786003351211548,0.5572006702423096,8,5,0.1,0.5,5,5,6,5.5
34,train,254.98041,0.48462522,507.4375,1014.875,8,0.25275668501853943,0.5055133700370789,8,5,0.1,0.5,5,5,6,5.5
35,train,548.2657,0.5869282,919.625,1839.25,4,0.29789960384368896,0.5957992076873779,8,5,0.1,0.5,5,5,6,5.5
35,eval,4294.92724609375,4.783130741119384,875.2,nan,1,nan,nan,8,5,0.1,0.5,5,5,6,5.5,eval
36,train,315.9338,0.5551105,555.5833333333334,1111.1666666666667,6,0.287601113319397,0.575202226638794,8,5,0.1,0.5,5,5,6,5.5
37,train,410.54694,0.592245,689.2,1378.4,5,0.29599663615226746,0.5919932723045349,8,5,0.1,0.5,5,5,6,5.5
38,train,332.0624,0.51267594,612.8333333333334,1225.6666666666667,6,0.2740594744682312,0.5481189489364624,8,5,0.1,0.5,5,5,6,5.5
39,train,208.7863,0.46178278,440.2142857142857,880.4285714285714,7,0.2554267346858978,0.5108534693717957,8,5,0.1,0.5,5,5,6,5.5
40,train,349.90634,0.4647057,653.75,1307.5,6,0.26511427760124207,0.5302285552024841,8,5,0.1,0.5,5,5,6,5.5
40,eval,4294.92724609375,4.783130741119384,875.2,nan,1,nan,nan,8,5,0.1,0.5,5,5,6,5.5,eval
41,train,352.61514,0.5295589,627.75,1255.5,6,0.27301204204559326,0.5460240840911865,8,5,0.1,0.5,5,5,6,5.5
42,train,539.073,0.55088854,871.75,1743.5,4,0.31661707162857056,0.6332341432571411,8,5,0.1,0.5,5,5,6,5.5
43,train,478.14868,0.607087,771.1,1542.2,5,0.30689629912376404,0.6137925982475281,8,5,0.1,0.5,5,5,6,5.5
44,train,350.80368,0.53843474,652.8333333333334,1305.6666666666667,6,0.2736354470252991,0.5472708940505981,8,5,0.1,0.5,5,5,6,5.5
45,train,364.47925,0.5177187,661.1666666666666,1322.3333333333333,6,0.27338728308677673,0.5467745661735535,8,5,0.1,0.5,5,5,6,5.5
45,eval,4294.92724609375,4.783130741119384,875.2,nan,1,nan,nan,8,5,0.1,0.5,5,5,6,5.5,eval
46,train,314.48547,0.47977757,609.8333333333334,1219.6666666666667,6,0.2598963677883148,0.5197927355766296,8,5,0.1,0.5,5,5,6,5.5
47,train,291.82074,0.5221299,546.7857142857143,1093.5714285714287,7,0.2677417993545532,0.5354835987091064,8,5,0.1,0.5,5,5,6,5.5
48,train,319.65952,0.5225361,576.1428571428571,1152.2857142857142,7,0.27815568447113037,0.5563113689422607,8,5,0.1,0.5,5,5,6,5.5
49,train,380.5337,0.5391148,676.4166666666666,1352.8333333333333,6,0.2821524143218994,0.5643048286437988,8,5,0.1,0.5,5,5,6,5.5
50,train,483.85248,0.6139751,777.8,1555.6,5,0.31169307231903076,0.6233861446380615,8,5,0.1,0.5,5,5,6,5.5
50,eval,4294.92724609375,4.783130741119384,875.2,nan,1,nan,nan,8,5,0.1,0.5,5,5,6,5.5,eval
1,train,247.87479,0.49731085,489.5,979.0,8,0.24997945129871368,0.49995890259742737,9,5,0.15,0.33,5,5,6,5.5
2,train,206.69148,0.46532574,425.3125,850.625,8,0.2524593472480774,0.5049186944961548,9,5,0.15,0.33,5,5,6,5.5
3,train,379.7566,0.548171,647.0833333333334,1294.1666666666667,6,0.2906649708747864,0.5813299417495728,9,5,0.15,0.33,5,5,6,5.5
4,train,337.21124,0.5504101,555.1428571428571,1110.2857142857142,7,0.29754066467285156,0.5950813293457031,9,5,0.15,0.33,5,5,6,5.5
5,train,341.69714,0.5075074,621.8333333333334,1243.6666666666667,6,0.26997655630111694,0.5399531126022339,9,5,0.15,0.33,5,5,6,5.5
5,eval,1837.0763793945312,3.3882419586181642,525.0,nan,1,nan,nan,9,5,0.15,0.33,5,5,6,5.5,eval
6,train,564.1042,0.5623535,920.6666666666666,1841.3333333333333,3,0.3123813271522522,0.6247626543045044,9,5,0.15,0.33,5,5,6,5.5
7,train,316.19308,0.5188628,563.2857142857143,1126.5714285714287,7,0.2802065312862396,0.5604130625724792,9,5,0.15,0.33,5,5,6,5.5
8,train,269.63953,0.5011372,509.9375,1019.875,8,0.26485055685043335,0.5297011137008667,9,5,0.15,0.33,5,5,6,5.5
9,train,246.3472,0.5260198,450.4375,900.875,8,0.2726248502731323,0.5452497005462646,9,5,0.15,0.33,5,5,6,5.5
10,train,406.93607,0.57249063,679.6666666666666,1359.3333333333333,6,0.29878008365631104,0.5975601673126221,9,5,0.15,0.33,5,5,6,5.5
10,eval,3627.239367675781,4.41367883682251,743.1,nan,1,nan,nan,9,5,0.15,0.33,5,5,6,5.5,eval
11,train,881.10266,0.67358124,1305.0,2610.0,2,0.34738725423812866,0.6947745084762573,9,5,0.15,0.33,5,5,6,5.5
12,train,348.49423,0.5385422,615.4166666666666,1230.8333333333333,6,0.2777206003665924,0.5554412007331848,9,5,0.15,0.33,5,5,6,5.5
13,train,362.54376,0.54329675,585.7,1171.4,5,0.3200374245643616,0.6400748491287231,9,5,0.15,0.33,5,5,6,5.5
14,train,429.2834,0.612436,689.625,1379.25,4,0.31926706433296204,0.6385341286659241,9,5,0.15,0.33,5,5,6,5.5
15,train,573.31055,0.5845708,904.0,1808.0,4,0.31709325313568115,0.6341865062713623,9,5,0.15,0.33,5,5,6,5.5
15,eval,2676.9741943359377,4.142031002044678,616.0,nan,1,nan,nan,9,5,0.15,0.33,5,5,6,5.5,eval
16,train,291.32184,0.57748127,492.6875,985.375,8,0.300903856754303,0.601807713508606,9,5,0.15,0.33,5,5,6,5.5
17,train,446.32245,0.571248,732.9,1465.8,5,0.3014691174030304,0.6029382348060608,9,5,0.15,0.33,5,5,6,5.5
18,train,571.1646,0.60107225,914.25,1828.5,4,0.3114822804927826,0.6229645609855652,9,5,0.15,0.33,5,5,6,5.5
19,train,313.19193,0.52568436,549.8571428571429,1099.7142857142858,7,0.2863941192626953,0.5727882385253906,9,5,0.15,0.33,5,5,6,5.5
20,train,373.956,0.5401436,648.7,1297.4,5,0.29804012179374695,0.5960802435874939,9,5,0.15,0.33,5,5,6,5.5
20,eval,4726.915515136719,4.65827054977417,942.2,nan,1,nan,nan,9,5,0.15,0.33,5,5,6,5.5,eval
21,train,453.86374,0.59419674,758.875,1517.75,4,0.3091586232185364,0.6183172464370728,9,5,0.15,0.33,5,5,6,5.5
22,train,427.57224,0.59266454,682.1666666666666,1364.3333333333333,6,0.3131611943244934,0.6263223886489868,9,5,0.15,0.33,5,5,6,5.5
23,train,524.05115,0.5896144,801.2,1602.4,5,0.32748037576675415,0.6549607515335083,9,5,0.15,0.33,5,5,6,5.5
24,train,347.95145,0.55031884,583.5714285714286,1167.142857142857,7,0.29783251881599426,0.5956650376319885,9,5,0.15,0.33,5,5,6,5.5
25,train,408.79718,0.5140863,704.8,1409.6,5,0.28939464688301086,0.5787892937660217,9,5,0.15,0.33,5,5,6,5.5
25,eval,4734.170983886719,4.7010297775268555,931.4,nan,1,nan,nan,9,5,0.15,0.33,5,5,6,5.5,eval
26,train,442.26425,0.53495824,754.6,1509.2,5,0.2960750460624695,0.592150092124939,9,5,0.15,0.33,5,5,6,5.5
27,train,363.46567,0.5845075,589.9166666666666,1179.8333333333333,6,0.30771395564079285,0.6154279112815857,9,5,0.15,0.33,5,5,6,5.5
28,train,464.44238,0.62883735,712.4,1424.8,5,0.3210097551345825,0.642019510269165,9,5,0.15,0.33,5,5,6,5.5
29,train,529.6353,0.6498509,806.5,1613.0,5,0.32957056164741516,0.6591411232948303,9,5,0.15,0.33,5,5,6,5.5
30,train,678.3415,0.6526426,1027.3333333333333,2054.6666666666665,3,0.3261929452419281,0.6523858904838562,9,5,0.15,0.33,5,5,6,5.5
30,eval,4734.170983886719,4.7010297775268555,931.4,nan,1,nan,nan,9,5,0.15,0.33,5,5,6,5.5,eval
31,train,472.29834,0.5942544,768.7,1537.4,5,0.3105746805667877,0.6211493611335754,9,5,0.15,0.33,5,5,6,5.5
32,train,491.91705,0.6269561,751.3,1502.6,5,0.32476282119750977,0.6495256423950195,9,5,0.15,0.33,5,5,6,5.5
33,train,648.57983,0.5825092,1058.1666666666667,2116.3333333333335,3,0.308640718460083,0.617281436920166,9,5,0.15,0.33,5,5,6,5.5
34,train,808.6875,0.6715599,1198.0,2396.0,3,0.34211575984954834,0.6842315196990967,9,5,0.15,0.33,5,5,6,5.5
35,train,355.56052,0.5764727,576.8333333333334,1153.6666666666667,6,0.3086332082748413,0.6172664165496826,9,5,0.15,0.33,5,5,6,5.5
35,eval,4734.170983886719,4.7010297775268555,931.4,nan,1,nan,nan,9,5,0.15,0.33,5,5,6,5.5,eval
36,train,555.76086,0.6294595,840.75,1681.5,4,0.3383104205131531,0.6766208410263062,9,5,0.15,0.33,5,5,6,5.5
37,train,619.52136,0.64892626,928.875,1857.75,4,0.3273469805717468,0.6546939611434937,9,5,0.15,0.33,5,5,6,5.5
38,train,415.30118,0.5646599,685.0,1370.0,5,0.306199848651886,0.612399697303772,9,5,0.15,0.33,5,5,6,5.5
39,train,656.75836,0.6470719,1004.8333333333334,2009.6666666666667,3,0.33277493715286255,0.6655498743057251,9,5,0.15,0.33,5,5,6,5.5
40,train,432.70575,0.6077957,677.6,1355.2,5,0.323203444480896,0.646406888961792,9,5,0.15,0.33,5,5,6,5.5
40,eval,4734.170983886719,4.7010297775268555,931.4,nan,1,nan,nan,9,5,0.15,0.33,5,5,6,5.5,eval
41,train,627.79675,0.6456847,950.0,1900.0,4,0.3275042772293091,0.6550085544586182,9,5,0.15,0.33,5,5,6,5.5
42,train,480.28653,0.59252846,770.3,1540.6,5,0.3116730749607086,0.6233461499214172,9,5,0.15,0.33,5,5,6,5.5
43,train,538.0978,0.58783853,859.0,1718.0,4,0.3203178644180298,0.6406357288360596,9,5,0.15,0.33,5,5,6,5.5
44,train,742.4311,0.65898997,1025.1666666666667,2050.3333333333335,3,0.36862510442733765,0.7372502088546753,9,5,0.15,0.33,5,5,6,5.5
45,train,680.16724,0.62049323,1083.5,2167.0,3,0.32390129566192627,0.6478025913238525,9,5,0.15,0.33,5,5,6,5.5
45,eval,4734.170983886719,4.7010297775268555,931.4,nan,1,nan,nan,9,5,0.15,0.33,5,5,6,5.5,eval
46,train,623.49817,0.64115924,892.1666666666666,1784.3333333333333,3,0.3499036431312561,0.6998072862625122,9,5,0.15,0.33,5,5,6,5.5
47,train,515.3429,0.57975733,822.0,1644.0,4,0.31525346636772156,0.6305069327354431,9,5,0.15,0.33,5,5,6,5.5
48,train,496.7862,0.62391263,761.8,1523.6,5,0.3239195942878723,0.6478391885757446,9,5,0.15,0.33,5,5,6,5.5
49,train,450.30194,0.5970872,733.0,1466.0,5,0.3017597198486328,0.6035194396972656,9,5,0.15,0.33,5,5,6,5.5
50,train,974.479,0.71161366,1372.25,2744.5,2,0.3446318805217743,0.6892637610435486,9,5,0.15,0.33,5,5,6,5.5
50,eval,4734.170983886719,4.7010297775268555,931.4,nan,1,nan,nan,9,5,0.15,0.33,5,5,6,5.5,eval
1,train,350.24493,0.52174324,631.2,1262.4,5,0.301328182220459,0.602656364440918,10,5,0.15,0.5,5,5,6,5.5
2,train,735.48047,0.63087374,1158.1666666666667,2316.3333333333335,3,0.3228445053100586,0.6456890106201172,10,5,0.15,0.5,5,5,6,5.5
3,train,601.69824,0.58250225,974.875,1949.75,4,0.31183475255966187,0.6236695051193237,10,5,0.15,0.5,5,5,6,5.5
4,train,1155.3081,0.7112462,1604.75,3209.5,2,0.3482166826725006,0.6964333653450012,10,5,0.15,0.5,5,5,6,5.5
5,train,535.1573,0.61339355,868.5,1737.0,3,0.3285817503929138,0.6571635007858276,10,5,0.15,0.5,5,5,6,5.5
5,eval,6491.569140625,5.321642780303955,1167.0,nan,1,nan,nan,10,5,0.15,0.5,5,5,6,5.5,eval
6,train,373.27695,0.54319143,655.0833333333334,1310.1666666666667,6,0.2865476906299591,0.5730953812599182,10,5,0.15,0.5,5,5,6,5.5
7,train,283.2082,0.5037795,539.1428571428571,1078.2857142857142,7,0.2591831386089325,0.518366277217865,10,5,0.15,0.5,5,5,6,5.5
8,train,565.9388,0.62702227,903.25,1806.5,4,0.31005996465682983,0.6201199293136597,10,5,0.15,0.5,5,5,6,5.5
9,train,679.2414,0.673251,1008.5,2017.0,3,0.3251512944698334,0.6503025889396667,10,5,0.15,0.5,5,5,6,5.5
10,train,656.3578,0.6297054,1029.1666666666667,2058.3333333333335,3,0.3260241746902466,0.6520483493804932,10,5,0.15,0.5,5,5,6,5.5
10,eval,5744.230517578125,4.946259880065918,1084.6,nan,1,nan,nan,10,5,0.15,0.5,5,5,6,5.5,eval
11,train,680.5141,0.6306394,1072.0,2144.0,3,0.33124250173568726,0.6624850034713745,10,5,0.15,0.5,5,5,6,5.5
12,train,381.44485,0.5217335,696.6,1393.2,5,0.2769738435745239,0.5539476871490479,10,5,0.15,0.5,5,5,6,5.5
13,train,1127.8322,0.7421067,1520.25,3040.5,2,0.36388489603996277,0.7277697920799255,10,5,0.15,0.5,5,5,6,5.5
14,train,826.5218,0.66368324,1213.0,2426.0,3,0.3324865698814392,0.6649731397628784,10,5,0.15,0.5,5,5,6,5.5
15,train,517.7831,0.565292,821.875,1643.75,4,0.30921638011932373,0.6184327602386475,10,5,0.15,0.5,5,5,6,5.5
15,eval,5744.230517578125,4.946259880065918,1084.6,nan,1,nan,nan,10,5,0.15,0.5,5,5,6,5.5,eval
16,train,1036.5776,0.7082867,1456.5,2913.0,2,0.3483896255493164,0.6967792510986328,10,5,0.15,0.5,5,5,6,5.5
17,train,647.5492,0.65421724,975.0,1950.0,4,0.33045530319213867,0.6609106063842773,10,5,0.15,0.5,5,5,6,5.5
18,train,1152.4622,0.7324982,1569.25,3138.5,2,0.3632192611694336,0.7264385223388672,10,5,0.15,0.5,5,5,6,5.5
19,train,474.25848,0.50695723,834.625,1669.25,4,0.288176953792572,0.576353907585144,10,5,0.15,0.5,5,5,6,5.5
20,train,756.1307,0.6371966,1085.0,2170.0,3,0.3523908853530884,0.7047817707061768,10,5,0.15,0.5,5,5,6,5.5
20,eval,5744.230517578125,4.946259880065918,1084.6,nan,1,nan,nan,10,5,0.15,0.5,5,5,6,5.5,eval
21,train,857.83636,0.67322654,1261.5,2523.0,3,0.33644407987594604,0.6728881597518921,10,5,0.15,0.5,5,5,6,5.5
22,train,884.4612,0.688505,1252.5,2505.0,3,0.3503490090370178,0.7006980180740356,10,5,0.15,0.5,5,5,6,5.5
23,train,681.5308,0.64592105,1021.125,2042.25,4,0.33354032039642334,0.6670806407928467,10,5,0.15,0.5,5,5,6,5.5
24,train,645.03125,0.6167967,957.875,1915.75,4,0.337271511554718,0.674543023109436,10,5,0.15,0.5,5,5,6,5.5
25,train,664.43353,0.604784,1061.6666666666667,2123.3333333333335,3,0.3238179683685303,0.6476359367370605,10,5,0.15,0.5,5,5,6,5.5
25,eval,5744.230517578125,4.946259880065918,1084.6,nan,1,nan,nan,10,5,0.15,0.5,5,5,6,5.5,eval
26,train,499.50162,0.5998908,816.7,1633.4,5,0.30544382333755493,0.6108876466751099,10,5,0.15,0.5,5,5,6,5.5
27,train,884.09344,0.6607501,1249.8333333333333,2499.6666666666665,3,0.355471134185791,0.710942268371582,10,5,0.15,0.5,5,5,6,5.5
28,train,485.1895,0.5898091,777.8,1555.6,5,0.31317758560180664,0.6263551712036133,10,5,0.15,0.5,5,5,6,5.5
29,train,933.416,0.68606997,1356.6666666666667,2713.3333333333335,3,0.3441076874732971,0.6882153749465942,10,5,0.15,0.5,5,5,6,5.5
30,train,866.8345,0.6608858,1241.0,2482.0,3,0.34583061933517456,0.6916612386703491,10,5,0.15,0.5,5,5,6,5.5
30,eval,5744.230517578125,4.946259880065918,1084.6,nan,1,nan,nan,10,5,0.15,0.5,5,5,6,5.5,eval
31,train,677.4727,0.6098667,1014.0,2028.0,4,0.3337586522102356,0.6675173044204712,10,5,0.15,0.5,5,5,6,5.5
32,train,573.4713,0.5901729,910.125,1820.25,4,0.30889254808425903,0.6177850961685181,10,5,0.15,0.5,5,5,6,5.5
33,train,519.1695,0.60617864,806.2,1612.4,5,0.3208298087120056,0.6416596174240112,10,5,0.15,0.5,5,5,6,5.5
34,train,943.83386,0.68595076,1367.5,2735.0,2,0.3514362573623657,0.7028725147247314,10,5,0.15,0.5,5,5,6,5.5
35,train,530.82965,0.62288827,796.9,1593.8,5,0.3334463834762573,0.6668927669525146,10,5,0.15,0.5,5,5,6,5.5
35,eval,5744.230517578125,4.946259880065918,1084.6,nan,1,nan,nan,10,5,0.15,0.5,5,5,6,5.5,eval
36,train,821.89417,0.6041517,1311.75,2623.5,2,0.3240342438220978,0.6480684876441956,10,5,0.15,0.5,5,5,6,5.5
37,train,447.0278,0.59626293,729.0,1458.0,4,0.308896005153656,0.617792010307312,10,5,0.15,0.5,5,5,6,5.5
38,train,916.2403,0.6651122,1349.6666666666667,2699.3333333333335,3,0.3398953378200531,0.6797906756401062,10,5,0.15,0.5,5,5,6,5.5
39,train,450.24686,0.560138,776.25,1552.5,4,0.305542528629303,0.611085057258606,10,5,0.15,0.5,5,5,6,5.5
40,train,496.39554,0.6050973,785.125,1570.25,4,0.3064563274383545,0.612912654876709,10,5,0.15,0.5,5,5,6,5.5
40,eval,5744.230517578125,4.946259880065918,1084.6,nan,1,nan,nan,10,5,0.15,0.5,5,5,6,5.5,eval
41,train,417.85806,0.6316991,656.6666666666666,1313.3333333333333,6,0.3194893002510071,0.6389786005020142,10,5,0.15,0.5,5,5,6,5.5
42,train,804.8613,0.6620395,1187.1666666666667,2374.3333333333335,3,0.3294278681278229,0.6588557362556458,10,5,0.15,0.5,5,5,6,5.5
43,train,431.99982,0.54425204,766.6,1533.2,5,0.280819833278656,0.561639666557312,10,5,0.15,0.5,5,5,6,5.5
44,train,541.60706,0.6139408,832.75,1665.5,4,0.3364158868789673,0.6728317737579346,10,5,0.15,0.5,5,5,6,5.5
45,train,1010.0608,0.67167044,1502.75,3005.5,2,0.33074623346328735,0.6614924669265747,10,5,0.15,0.5,5,5,6,5.5
45,eval,5744.230517578125,4.946259880065918,1084.6,nan,1,nan,nan,10,5,0.15,0.5,5,5,6,5.5,eval
46,train,570.52246,0.6205937,913.75,1827.5,4,0.3099207282066345,0.619841456413269,10,5,0.15,0.5,5,5,6,5.5
47,train,562.99384,0.6013448,850.25,1700.5,4,0.33198559284210205,0.6639711856842041,10,5,0.15,0.5,5,5,6,5.5
48,train,482.95493,0.61770946,783.5,1567.0,3,0.3266352415084839,0.6532704830169678,10,5,0.15,0.5,5,5,6,5.5
49,train,965.79736,0.69668734,1372.75,2745.5,2,0.3583366870880127,0.7166733741760254,10,5,0.15,0.5,5,5,6,5.5
50,train,1081.231,0.69551027,1555.25,3110.5,2,0.34544089436531067,0.6908817887306213,10,5,0.15,0.5,5,5,6,5.5
50,eval,5744.230517578125,4.946259880065918,1084.6,nan,1,nan,nan,10,5,0.15,0.5,5,5,6,5.5,eval
1,train,633.3436,0.64182806,963.875,1927.75,4,0.328725129365921,0.657450258731842,11,5,0.2,0.33,5,5,6,5.5
2,train,562.9787,0.6277381,841.875,1683.75,4,0.3383979797363281,0.6767959594726562,11,5,0.2,0.33,5,5,6,5.5
3,train,665.2988,0.6696667,960.8333333333334,1921.6666666666667,3,0.3474637269973755,0.694927453994751,11,5,0.2,0.33,5,5,6,5.5
4,train,368.67358,0.56546944,616.5,1233.0,4,0.32529187202453613,0.6505837440490723,11,5,0.2,0.33,5,5,6,5.5
5,train,855.68097,0.71192986,1178.0,2356.0,3,0.3545133173465729,0.7090266346931458,11,5,0.2,0.33,5,5,6,5.5
5,eval,7539.628759765625,5.320713138580322,1374.8,nan,1,nan,nan,11,5,0.2,0.33,5,5,6,5.5,eval
6,train,926.19556,0.71160716,1301.8333333333333,2603.6666666666665,3,0.3558906316757202,0.7117812633514404,11,5,0.2,0.33,5,5,6,5.5
7,train,864.5077,0.69740856,1255.0,2510.0,2,0.35535019636154175,0.7107003927230835,11,5,0.2,0.33,5,5,6,5.5
8,train,581.10693,0.6477042,863.0,1726.0,3,0.3414093255996704,0.6828186511993408,11,5,0.2,0.33,5,5,6,5.5
9,train,884.9974,0.64994067,1267.0,2534.0,3,0.3473350703716278,0.6946701407432556,11,5,0.2,0.33,5,5,6,5.5
10,train,976.0962,0.7108939,1358.0,2716.0,3,0.3595596253871918,0.7191192507743835,11,5,0.2,0.33,5,5,6,5.5
10,eval,7595.061962890625,5.32289457321167,1384.7,nan,1,nan,nan,11,5,0.2,0.33,5,5,6,5.5,eval
11,train,762.3574,0.6381886,1128.1666666666667,2256.3333333333335,3,0.34490594267845154,0.6898118853569031,11,5,0.2,0.33,5,5,6,5.5
12,train,965.3867,0.7194999,1331.5,2663.0,3,0.3650261163711548,0.7300522327423096,11,5,0.2,0.33,5,5,6,5.5
13,train,1126.5067,0.7199722,1583.75,3167.5,2,0.354266881942749,0.708533763885498,11,5,0.2,0.33,5,5,6,5.5
14,train,648.4068,0.65034586,964.8333333333334,1929.6666666666667,3,0.34153664112091064,0.6830732822418213,11,5,0.2,0.33,5,5,6,5.5
15,train,488.5241,0.59098154,749.8,1499.6,5,0.32349878549575806,0.6469975709915161,11,5,0.2,0.33,5,5,6,5.5
15,eval,8176.560693359375,5.247884750366211,1465.5,nan,1,nan,nan,11,5,0.2,0.33,5,5,6,5.5,eval
16,train,988.93164,0.72974414,1337.6666666666667,2675.3333333333335,3,0.37035447359085083,0.7407089471817017,11,5,0.2,0.33,5,5,6,5.5
17,train,545.0045,0.61389935,817.6,1635.2,5,0.33264318108558655,0.6652863621711731,11,5,0.2,0.33,5,5,6,5.5
18,train,795.2917,0.65313154,1153.0,2306.0,3,0.33684903383255005,0.6736980676651001,11,5,0.2,0.33,5,5,6,5.5
19,train,519.1009,0.60270226,819.1,1638.2,5,0.31683164834976196,0.6336632966995239,11,5,0.2,0.33,5,5,6,5.5
20,train,731.3558,0.6758785,1081.3333333333333,2162.6666666666665,3,0.34285590052604675,0.6857118010520935,11,5,0.2,0.33,5,5,6,5.5
20,eval,6684.779443359375,5.241751575469971,1222.2,nan,1,nan,nan,11,5,0.2,0.33,5,5,6,5.5,eval
21,train,686.5893,0.6229198,1010.125,2020.25,4,0.3406974971294403,0.6813949942588806,11,5,0.2,0.33,5,5,6,5.5
22,train,790.6289,0.66529715,1121.8333333333333,2243.6666666666665,3,0.3506571352481842,0.7013142704963684,11,5,0.2,0.33,5,5,6,5.5
23,train,1027.9482,0.69500077,1474.75,2949.5,2,0.34772276878356934,0.6954455375671387,11,5,0.2,0.33,5,5,6,5.5
24,train,788.82745,0.7087791,1112.1666666666667,2224.3333333333335,3,0.3539997935295105,0.707999587059021,11,5,0.2,0.33,5,5,6,5.5
25,train,896.9453,0.7119083,1219.8333333333333,2439.6666666666665,3,0.3609725534915924,0.7219451069831848,11,5,0.2,0.33,5,5,6,5.5
25,eval,7987.260888671875,5.427621364593506,1427.6,nan,1,nan,nan,11,5,0.2,0.33,5,5,6,5.5,eval
26,train,518.2813,0.5283712,832.5,1665.0,3,0.33230382204055786,0.6646076440811157,11,5,0.2,0.33,5,5,6,5.5
27,train,1066.536,0.7105503,1501.0,3002.0,1,0.36824315786361694,0.7364863157272339,11,5,0.2,0.33,5,5,6,5.5
28,train,1189.9111,0.72818875,1632.5,3265.0,2,0.3621942400932312,0.7243884801864624,11,5,0.2,0.33,5,5,6,5.5
29,train,498.96243,0.665433,730.0,1460.0,3,0.3480077385902405,0.696015477180481,11,5,0.2,0.33,5,5,6,5.5
30,train,785.97125,0.69891614,1114.3333333333333,2228.6666666666665,3,0.34919923543930054,0.6983984708786011,11,5,0.2,0.33,5,5,6,5.5
30,eval,7976.956689453125,5.475925350189209,1408.6,nan,1,nan,nan,11,5,0.2,0.33,5,5,6,5.5,eval
31,train,1335.7125,0.6645695,1889.75,3779.5,2,0.3518092632293701,0.7036185264587402,11,5,0.2,0.33,5,5,6,5.5
32,train,898.71094,0.7104034,1267.5,2535.0,3,0.3524627685546875,0.704925537109375,11,5,0.2,0.33,5,5,6,5.5
33,train,631.6264,0.6598763,937.1666666666666,1874.3333333333333,3,0.35205477476119995,0.7041095495223999,11,5,0.2,0.33,5,5,6,5.5
34,train,1191.5278,0.70109713,1700.5,3401.0,2,0.34979474544525146,0.6995894908905029,11,5,0.2,0.33,5,5,6,5.5
35,train,1208.1191,0.73415613,1646.0,3292.0,2,0.36989033222198486,0.7397806644439697,11,5,0.2,0.33,5,5,6,5.5
35,eval,7696.106396484375,5.423816967010498,1379.0,nan,1,nan,nan,11,5,0.2,0.33,5,5,6,5.5,eval
36,train,624.4588,0.62838477,915.625,1831.25,4,0.34556594491004944,0.6911318898200989,11,5,0.2,0.33,5,5,6,5.5
37,train,847.44977,0.62312037,1241.6666666666667,2483.3333333333335,3,0.34176307916641235,0.6835261583328247,11,5,0.2,0.33,5,5,6,5.5
38,train,789.03143,0.64817536,1219.0,2438.0,3,0.32175150513648987,0.6435030102729797,11,5,0.2,0.33,5,5,6,5.5
39,train,711.69727,0.63901824,1023.375,2046.75,4,0.34750646352767944,0.6950129270553589,11,5,0.2,0.33,5,5,6,5.5
40,train,986.5383,0.7346802,1342.0,2684.0,2,0.36048054695129395,0.7209610939025879,11,5,0.2,0.33,5,5,6,5.5
40,eval,7476.456591796875,5.366511344909668,1353.5,nan,1,nan,nan,11,5,0.2,0.33,5,5,6,5.5,eval
41,train,944.76794,0.708148,1331.0,2662.0,2,0.36900994181632996,0.7380198836326599,11,5,0.2,0.33,5,5,6,5.5
42,train,1192.4473,0.7641989,1560.5,3121.0,2,0.384097158908844,0.768194317817688,11,5,0.2,0.33,5,5,6,5.5
43,train,674.78107,0.64415735,993.3333333333334,1986.6666666666667,3,0.35258859395980835,0.7051771879196167,11,5,0.2,0.33,5,5,6,5.5
44,train,1097.3066,0.7174793,1524.0,3048.0,2,0.35332190990448,0.70664381980896,11,5,0.2,0.33,5,5,6,5.5
45,train,965.4516,0.65116525,1352.25,2704.5,2,0.3616951107978821,0.7233902215957642,11,5,0.2,0.33,5,5,6,5.5
45,eval,7476.456591796875,5.366511344909668,1353.5,nan,1,nan,nan,11,5,0.2,0.33,5,5,6,5.5,eval
46,train,940.2534,0.73945755,1261.5,2523.0,3,0.36620819568634033,0.7324163913726807,11,5,0.2,0.33,5,5,6,5.5
47,train,1000.6839,0.74077815,1340.0,2680.0,3,0.37369269132614136,0.7473853826522827,11,5,0.2,0.33,5,5,6,5.5
48,train,1121.1599,0.71166086,1577.5,3155.0,2,0.3536340594291687,0.7072681188583374,11,5,0.2,0.33,5,5,6,5.5
49,train,1098.2219,0.7121273,1545.25,3090.5,2,0.3518102467060089,0.7036204934120178,11,5,0.2,0.33,5,5,6,5.5
50,train,963.68756,0.7320294,1307.6666666666667,2615.3333333333335,3,0.3693568706512451,0.7387137413024902,11,5,0.2,0.33,5,5,6,5.5
50,eval,7476.456591796875,5.366511344909668,1353.5,nan,1,nan,nan,11,5,0.2,0.33,5,5,6,5.5,eval
1,train,773.6926,0.6304876,1151.8333333333333,2303.6666666666665,3,0.335468053817749,0.670936107635498,12,5,0.2,0.5,5,5,6,5.5
2,train,644.1813,0.6549183,971.375,1942.75,4,0.3282648026943207,0.6565296053886414,12,5,0.2,0.5,5,5,6,5.5
3,train,904.7722,0.6754672,1343.5,2687.0,3,0.3374132215976715,0.674826443195343,12,5,0.2,0.5,5,5,6,5.5
4,train,731.6684,0.6289469,1119.6666666666667,2239.3333333333335,3,0.3275698721408844,0.6551397442817688,12,5,0.2,0.5,5,5,6,5.5
5,train,755.3986,0.58021307,1137.5,2275.0,3,0.33435529470443726,0.6687105894088745,12,5,0.2,0.5,5,5,6,5.5
5,eval,8704.741015625,5.304200649261475,1637.6,nan,1,nan,nan,12,5,0.2,0.5,5,5,6,5.5,eval
6,train,648.5195,0.626147,999.6666666666666,1999.3333333333333,3,0.3277541995048523,0.6555083990097046,12,5,0.2,0.5,5,5,6,5.5
7,train,835.4336,0.63627,1231.1666666666667,2462.3333333333335,3,0.3279353082180023,0.6558706164360046,12,5,0.2,0.5,5,5,6,5.5
8,train,1254.3943,0.74036884,1695.25,3390.5,2,0.3689423203468323,0.7378846406936646,12,5,0.2,0.5,5,5,6,5.5
9,train,1164.2192,0.6889607,1689.75,3379.5,2,0.3364981710910797,0.6729963421821594,12,5,0.2,0.5,5,5,6,5.5
10,train,772.8447,0.6223857,1165.8333333333333,2331.6666666666665,3,0.33155161142349243,0.6631032228469849,12,5,0.2,0.5,5,5,6,5.5
10,eval,9096.4138671875,5.7207659721374515,1587.2,nan,1,nan,nan,12,5,0.2,0.5,5,5,6,5.5,eval
11,train,1171.6072,0.7470145,1567.0,3134.0,2,0.3653448224067688,0.7306896448135376,12,5,0.2,0.5,5,5,6,5.5
12,train,825.04645,0.6574358,1241.5,2483.0,2,0.34427350759506226,0.6885470151901245,12,5,0.2,0.5,5,5,6,5.5
13,train,1198.7266,0.7340091,1632.5,3265.0,2,0.3632788062095642,0.7265576124191284,12,5,0.2,0.5,5,5,6,5.5
14,train,1067.127,0.73295665,1452.75,2905.5,2,0.3578569293022156,0.7157138586044312,12,5,0.2,0.5,5,5,6,5.5
15,train,1158.7489,0.71949637,1610.5,3221.0,1,0.37550610303878784,0.7510122060775757,12,5,0.2,0.5,5,5,6,5.5
15,eval,10539.958984375,5.692370891571045,1838.4,nan,1,nan,nan,12,5,0.2,0.5,5,5,6,5.5,eval
16,train,1136.8705,0.70550686,1610.75,3221.5,2,0.3461168706417084,0.6922337412834167,12,5,0.2,0.5,5,5,6,5.5
17,train,1259.5754,0.7187823,1751.75,3503.5,2,0.35726478695869446,0.7145295739173889,12,5,0.2,0.5,5,5,6,5.5
18,train,1066.1671,0.69945234,1509.0,3018.0,2,0.3484833836555481,0.6969667673110962,12,5,0.2,0.5,5,5,6,5.5
19,train,793.34503,0.6617541,1160.5,2321.0,3,0.3369370102882385,0.673874020576477,12,5,0.2,0.5,5,5,6,5.5
20,train,1152.092,0.7285497,1581.5,3163.0,2,0.36403602361679077,0.7280720472335815,12,5,0.2,0.5,5,5,6,5.5
20,eval,10539.958984375,5.692370891571045,1838.4,nan,1,nan,nan,12,5,0.2,0.5,5,5,6,5.5,eval
21,train,1458.7434,0.7168045,2020.5,4041.0,2,0.3599495589733124,0.7198991179466248,12,5,0.2,0.5,5,5,6,5.5
22,train,1272.3055,0.7257185,1752.25,3504.5,2,0.3567095398902893,0.7134190797805786,12,5,0.2,0.5,5,5,6,5.5
23,train,871.1494,0.6687377,1201.6666666666667,2403.3333333333335,3,0.35500603914260864,0.7100120782852173,12,5,0.2,0.5,5,5,6,5.5
24,train,1135.01,0.71511424,1584.75,3169.5,2,0.3537634015083313,0.7075268030166626,12,5,0.2,0.5,5,5,6,5.5
25,train,813.5271,0.7076478,1118.6666666666667,2237.3333333333335,3,0.3640729784965515,0.728145956993103,12,5,0.2,0.5,5,5,6,5.5
25,eval,10539.958984375,5.692370891571045,1838.4,nan,1,nan,nan,12,5,0.2,0.5,5,5,6,5.5,eval
26,train,1878.4832,0.744691,2522.5,5045.0,1,0.35991427302360535,0.7198285460472107,12,5,0.2,0.5,5,5,6,5.5
27,train,970.1915,0.7047037,1376.0,2752.0,2,0.36530253291130066,0.7306050658226013,12,5,0.2,0.5,5,5,6,5.5
28,train,941.5245,0.7183876,1291.25,2582.5,2,0.3694743514060974,0.7389487028121948,12,5,0.2,0.5,5,5,6,5.5
29,train,1298.9338,0.7389729,1758.5,3517.0,2,0.35544124245643616,0.7108824849128723,12,5,0.2,0.5,5,5,6,5.5
30,train,1060.9653,0.7282721,1466.0,2932.0,2,0.36295387148857117,0.7259077429771423,12,5,0.2,0.5,5,5,6,5.5
30,eval,10539.958984375,5.692370891571045,1838.4,nan,1,nan,nan,12,5,0.2,0.5,5,5,6,5.5,eval
31,train,1364.3303,0.74893665,1839.0,3678.0,2,0.3653309941291809,0.7306619882583618,12,5,0.2,0.5,5,5,6,5.5
32,train,1920.6024,0.7223025,2659.0,5318.0,1,0.36068543791770935,0.7213708758354187,12,5,0.2,0.5,5,5,6,5.5
33,train,1268.7473,0.734645,1727.5,3455.0,2,0.3564082682132721,0.7128165364265442,12,5,0.2,0.5,5,5,6,5.5
34,train,1233.6052,0.76066315,1621.75,3243.5,2,0.3715650141239166,0.7431300282478333,12,5,0.2,0.5,5,5,6,5.5
35,train,931.36847,0.68741965,1356.0,2712.0,3,0.3436790406703949,0.6873580813407898,12,5,0.2,0.5,5,5,6,5.5
35,eval,10539.958984375,5.692370891571045,1838.4,nan,1,nan,nan,12,5,0.2,0.5,5,5,6,5.5,eval
36,train,1150.4313,0.7434128,1547.5,3095.0,1,0.37507566809654236,0.7501513361930847,12,5,0.2,0.5,5,5,6,5.5
37,train,1147.0703,0.72632456,1576.25,3152.5,2,0.3581175208091736,0.7162350416183472,12,5,0.2,0.5,5,5,6,5.5
38,train,1188.3811,0.76357174,1554.0,3108.0,2,0.3711751103401184,0.7423502206802368,12,5,0.2,0.5,5,5,6,5.5
39,train,1263.6821,0.7099793,1781.5,3563.0,2,0.3528042435646057,0.7056084871292114,12,5,0.2,0.5,5,5,6,5.5
40,train,1220.3135,0.74416983,1639.75,3279.5,2,0.37419575452804565,0.7483915090560913,12,5,0.2,0.5,5,5,6,5.5
40,eval,10539.958984375,5.692370891571045,1838.4,nan,1,nan,nan,12,5,0.2,0.5,5,5,6,5.5,eval
41,train,1190.883,0.7178017,1666.0,3332.0,2,0.34872305393218994,0.6974461078643799,12,5,0.2,0.5,5,5,6,5.5
42,train,1313.2869,0.7136768,1837.25,3674.5,2,0.35491079092025757,0.7098215818405151,12,5,0.2,0.5,5,5,6,5.5
43,train,1251.9713,0.73925287,1692.5,3385.0,2,0.36781367659568787,0.7356273531913757,12,5,0.2,0.5,5,5,6,5.5
44,train,1423.2112,0.7556344,1884.0,3768.0,2,0.3718225061893463,0.7436450123786926,12,5,0.2,0.5,5,5,6,5.5
45,train,1086.5441,0.7117541,1523.0,3046.0,2,0.35996121168136597,0.7199224233627319,12,5,0.2,0.5,5,5,6,5.5
45,eval,10539.958984375,5.692370891571045,1838.4,nan,1,nan,nan,12,5,0.2,0.5,5,5,6,5.5,eval
46,train,1087.9756,0.73770404,1484.0,2968.0,2,0.36275386810302734,0.7255077362060547,12,5,0.2,0.5,5,5,6,5.5
47,train,1238.2949,0.76471364,1619.25,3238.5,2,0.37001657485961914,0.7400331497192383,12,5,0.2,0.5,5,5,6,5.5
48,train,926.38165,0.7098901,1260.75,2521.5,2,0.37284979224205017,0.7456995844841003,12,5,0.2,0.5,5,5,6,5.5
49,train,1313.2094,0.7370155,1782.25,3564.5,2,0.36335641145706177,0.7267128229141235,12,5,0.2,0.5,5,5,6,5.5
50,train,1174.9346,0.72713953,1616.0,3232.0,2,0.36942607164382935,0.7388521432876587,12,5,0.2,0.5,5,5,6,5.5
50,eval,10539.958984375,5.692370891571045,1838.4,nan,1,nan,nan,12,5,0.2,0.5,5,5,6,5.5,eval
